maalaji,value,X,Y,Z,nro,korko
Sa,000.40,6709159.129,246456.18,25.496,1,25.096
Hk,001.00,6709159.129,246456.18,25.496,1,24.496
Sa,001.20,6709159.129,246456.18,25.496,1,24.296
Mr,015.60,6709159.129,246456.18,25.496,1,9.895999999999999
Sa,0.40,6709348.456,247856.753,41.166,1,40.766
Ki,0.62,6709348.456,247856.753,41.166,1,40.546
Sa,0.40,6709560.691,246124.08,29.095,1,28.695
Sa,0.60,6709560.691,246124.08,29.095,1,28.494999999999997
Sa,0.80,6709560.691,246124.08,29.095,1,28.294999999999998
Sa,1.00,6709560.691,246124.08,29.095,1,28.095
Sa,1.60,6709560.691,246124.08,29.095,1,27.494999999999997
Sa,1.80,6709560.691,246124.08,29.095,1,27.294999999999998
Sa,2.00,6709560.691,246124.08,29.095,1,27.095
Sa,2.20,6709560.691,246124.08,29.095,1,26.895
Sa,2.40,6709560.691,246124.08,29.095,1,26.695
Sa,2.60,6709560.691,246124.08,29.095,1,26.494999999999997
Sa,2.80,6709560.691,246124.08,29.095,1,26.294999999999998
Sa,3.00,6709560.691,246124.08,29.095,1,26.095
Sa,3.20,6709560.691,246124.08,29.095,1,25.895
Sa,3.40,6709560.691,246124.08,29.095,1,25.695
Sa,3.60,6709560.691,246124.08,29.095,1,25.494999999999997
Sa,3.80,6709560.691,246124.08,29.095,1,25.294999999999998
Sa,4.00,6709560.691,246124.08,29.095,1,25.095
Sa,4.20,6709560.691,246124.08,29.095,1,24.895
Sa,4.40,6709560.691,246124.08,29.095,1,24.695
Sa,4.60,6709560.691,246124.08,29.095,1,24.494999999999997
Sa,4.80,6709560.691,246124.08,29.095,1,24.294999999999998
Sa,5.00,6709560.691,246124.08,29.095,1,24.095
Sa,5.20,6709560.691,246124.08,29.095,1,23.895
Sa,5.40,6709560.691,246124.08,29.095,1,23.695
Sa,5.60,6709560.691,246124.08,29.095,1,23.494999999999997
Sa,5.80,6709560.691,246124.08,29.095,1,23.294999999999998
Sa,6.00,6709560.691,246124.08,29.095,1,23.095
Sa,6.20,6709560.691,246124.08,29.095,1,22.895
Sa,6.40,6709560.691,246124.08,29.095,1,22.695
Sa,6.60,6709560.691,246124.08,29.095,1,22.494999999999997
Sa,6.80,6709560.691,246124.08,29.095,1,22.294999999999998
Sa,7.00,6709560.691,246124.08,29.095,1,22.095
Sa,7.20,6709560.691,246124.08,29.095,1,21.895
Sa,7.40,6709560.691,246124.08,29.095,1,21.695
Sa,7.60,6709560.691,246124.08,29.095,1,21.494999999999997
Sa,7.80,6709560.691,246124.08,29.095,1,21.294999999999998
Sa,8.00,6709560.691,246124.08,29.095,1,21.095
Sa,8.20,6709560.691,246124.08,29.095,1,20.895
Sa,8.40,6709560.691,246124.08,29.095,1,20.695
Sa,8.60,6709560.691,246124.08,29.095,1,20.494999999999997
Sa,8.80,6709560.691,246124.08,29.095,1,20.294999999999998
Sa,9.00,6709560.691,246124.08,29.095,1,20.095
Sa,9.20,6709560.691,246124.08,29.095,1,19.895
Sa,9.40,6709560.691,246124.08,29.095,1,19.695
Sa,9.60,6709560.691,246124.08,29.095,1,19.494999999999997
Sa,9.80,6709560.691,246124.08,29.095,1,19.294999999999998
Sa,10.00,6709560.691,246124.08,29.095,1,19.095
Sa,10.20,6709560.691,246124.08,29.095,1,18.895
Sa,10.40,6709560.691,246124.08,29.095,1,18.695
Sa,10.60,6709560.691,246124.08,29.095,1,18.494999999999997
Sa,10.80,6709560.691,246124.08,29.095,1,18.294999999999998
Sa,11.00,6709560.691,246124.08,29.095,1,18.095
Sa,11.20,6709560.691,246124.08,29.095,1,17.895
Sa,11.40,6709560.691,246124.08,29.095,1,17.695
Sa,11.60,6709560.691,246124.08,29.095,1,17.494999999999997
Sa,11.80,6709560.691,246124.08,29.095,1,17.294999999999998
Sa,12.00,6709560.691,246124.08,29.095,1,17.095
Sa,12.20,6709560.691,246124.08,29.095,1,16.895
Sa,12.40,6709560.691,246124.08,29.095,1,16.695
Sa,12.60,6709560.691,246124.08,29.095,1,16.494999999999997
Sa,12.80,6709560.691,246124.08,29.095,1,16.294999999999998
Sa,13.00,6709560.691,246124.08,29.095,1,16.095
Sa,13.20,6709560.691,246124.08,29.095,1,15.895
Sa,13.40,6709560.691,246124.08,29.095,1,15.694999999999999
Sa,13.60,6709560.691,246124.08,29.095,1,15.495
Sa,13.80,6709560.691,246124.08,29.095,1,15.294999999999998
Sa,14.00,6709560.691,246124.08,29.095,1,15.094999999999999
Sa,14.20,6709560.691,246124.08,29.095,1,14.895
Sa,14.40,6709560.691,246124.08,29.095,1,14.694999999999999
Sa,000.20,6709110.304,246408.318,25.029,2,24.829
Mr,018.60,6709110.304,246408.318,25.029,2,6.4289999999999985
Mr,020.57,6709110.304,246408.318,25.029,2,4.459
Sa,0.40,6709359.579,247899.271,41.342,2,40.942
Ki,0.78,6709359.579,247899.271,41.342,2,40.562
Sa,0.40,6709528.258,246197.288,28.129,2,27.729000000000003
Sa,0.60,6709528.258,246197.288,28.129,2,27.529
Sa,0.80,6709528.258,246197.288,28.129,2,27.329
Sa,1.00,6709528.258,246197.288,28.129,2,27.129
Sa,1.20,6709528.258,246197.288,28.129,2,26.929000000000002
Sa,1.40,6709528.258,246197.288,28.129,2,26.729000000000003
Sa,1.60,6709528.258,246197.288,28.129,2,26.529
Sa,1.80,6709528.258,246197.288,28.129,2,26.329
Sa,2.00,6709528.258,246197.288,28.129,2,26.129
Sa,2.20,6709528.258,246197.288,28.129,2,25.929000000000002
Sa,2.40,6709528.258,246197.288,28.129,2,25.729000000000003
Sa,2.60,6709528.258,246197.288,28.129,2,25.529
Sa,2.80,6709528.258,246197.288,28.129,2,25.329
Sa,3.00,6709528.258,246197.288,28.129,2,25.129
Sa,3.20,6709528.258,246197.288,28.129,2,24.929000000000002
Sa,3.40,6709528.258,246197.288,28.129,2,24.729000000000003
Sa,3.60,6709528.258,246197.288,28.129,2,24.529
Sa,3.80,6709528.258,246197.288,28.129,2,24.329
Sa,4.00,6709528.258,246197.288,28.129,2,24.129
Sa,4.20,6709528.258,246197.288,28.129,2,23.929000000000002
Sa,4.40,6709528.258,246197.288,28.129,2,23.729
Sa,4.60,6709528.258,246197.288,28.129,2,23.529000000000003
Sa,4.80,6709528.258,246197.288,28.129,2,23.329
Sa,5.00,6709528.258,246197.288,28.129,2,23.129
Sa,5.20,6709528.258,246197.288,28.129,2,22.929000000000002
Sa,5.40,6709528.258,246197.288,28.129,2,22.729
Sa,5.60,6709528.258,246197.288,28.129,2,22.529000000000003
Sa,5.80,6709528.258,246197.288,28.129,2,22.329
Sa,6.00,6709528.258,246197.288,28.129,2,22.129
Sa,6.20,6709528.258,246197.288,28.129,2,21.929000000000002
Sa,6.40,6709528.258,246197.288,28.129,2,21.729
Sa,6.60,6709528.258,246197.288,28.129,2,21.529000000000003
Sa,6.80,6709528.258,246197.288,28.129,2,21.329
Sa,7.00,6709528.258,246197.288,28.129,2,21.129
Sa,7.20,6709528.258,246197.288,28.129,2,20.929000000000002
Sa,7.40,6709528.258,246197.288,28.129,2,20.729
Sa,7.60,6709528.258,246197.288,28.129,2,20.529000000000003
Sa,7.80,6709528.258,246197.288,28.129,2,20.329
Sa,8.00,6709528.258,246197.288,28.129,2,20.129
Sa,8.20,6709528.258,246197.288,28.129,2,19.929000000000002
Sa,8.40,6709528.258,246197.288,28.129,2,19.729
Sa,8.60,6709528.258,246197.288,28.129,2,19.529000000000003
Sa,8.80,6709528.258,246197.288,28.129,2,19.329
Sa,9.00,6709528.258,246197.288,28.129,2,19.129
Sa,9.20,6709528.258,246197.288,28.129,2,18.929000000000002
Sa,9.40,6709528.258,246197.288,28.129,2,18.729
Sa,9.60,6709528.258,246197.288,28.129,2,18.529000000000003
Sa,9.80,6709528.258,246197.288,28.129,2,18.329
Sa,10.00,6709528.258,246197.288,28.129,2,18.129
Sa,10.20,6709528.258,246197.288,28.129,2,17.929000000000002
Sa,10.40,6709528.258,246197.288,28.129,2,17.729
Sa,10.60,6709528.258,246197.288,28.129,2,17.529000000000003
Sa,10.80,6709528.258,246197.288,28.129,2,17.329
Sa,11.00,6709528.258,246197.288,28.129,2,17.129
Sa,11.20,6709528.258,246197.288,28.129,2,16.929000000000002
Sa,11.40,6709528.258,246197.288,28.129,2,16.729
Sa,11.60,6709528.258,246197.288,28.129,2,16.529000000000003
Sa,11.80,6709528.258,246197.288,28.129,2,16.329
Sa,12.00,6709528.258,246197.288,28.129,2,16.129
Sa,12.20,6709528.258,246197.288,28.129,2,15.929000000000002
Sa,12.40,6709528.258,246197.288,28.129,2,15.729000000000001
Sa,000.40,6708978.595,247628.107,29.144,3,28.744
Mr,004.40,6708978.595,247628.107,29.144,3,24.744
Sa,000.20,6709081.73,246350.309,25.488,3,25.288
Sa,015.71,6709081.73,246350.309,25.488,3,9.777999999999999
Mr,015.75,6709081.73,246350.309,25.488,3,9.738
Sa,0.40,6709349.517,247940.869,40.865,3,40.465
Ki,0.72,6709349.517,247940.869,40.865,3,40.145
Sa,0.40,6709535.824,246262.814,28.592,3,28.192
Sa,1.00,6709535.824,246262.814,28.592,3,27.592
Sa,1.20,6709535.824,246262.814,28.592,3,27.392
Sa,1.40,6709535.824,246262.814,28.592,3,27.192
Sa,1.60,6709535.824,246262.814,28.592,3,26.991999999999997
Sa,1.80,6709535.824,246262.814,28.592,3,26.791999999999998
Sa,2.00,6709535.824,246262.814,28.592,3,26.592
Sa,2.20,6709535.824,246262.814,28.592,3,26.392
Sa,2.40,6709535.824,246262.814,28.592,3,26.192
Sa,2.60,6709535.824,246262.814,28.592,3,25.991999999999997
Sa,2.80,6709535.824,246262.814,28.592,3,25.791999999999998
Sa,3.00,6709535.824,246262.814,28.592,3,25.592
Sa,3.20,6709535.824,246262.814,28.592,3,25.392
Sa,3.40,6709535.824,246262.814,28.592,3,25.192
Sa,3.60,6709535.824,246262.814,28.592,3,24.991999999999997
Sa,3.80,6709535.824,246262.814,28.592,3,24.791999999999998
Sa,4.00,6709535.824,246262.814,28.592,3,24.592
Sa,4.20,6709535.824,246262.814,28.592,3,24.392
Sa,4.40,6709535.824,246262.814,28.592,3,24.192
Sa,4.60,6709535.824,246262.814,28.592,3,23.991999999999997
Sa,4.80,6709535.824,246262.814,28.592,3,23.791999999999998
Sa,5.00,6709535.824,246262.814,28.592,3,23.592
Sa,5.20,6709535.824,246262.814,28.592,3,23.392
Sa,5.40,6709535.824,246262.814,28.592,3,23.192
Sa,5.60,6709535.824,246262.814,28.592,3,22.991999999999997
Sa,5.80,6709535.824,246262.814,28.592,3,22.791999999999998
Sa,6.00,6709535.824,246262.814,28.592,3,22.592
Sa,6.20,6709535.824,246262.814,28.592,3,22.392
Sa,6.40,6709535.824,246262.814,28.592,3,22.192
Sa,6.60,6709535.824,246262.814,28.592,3,21.991999999999997
Sa,6.80,6709535.824,246262.814,28.592,3,21.791999999999998
Sa,7.00,6709535.824,246262.814,28.592,3,21.592
Sa,7.20,6709535.824,246262.814,28.592,3,21.392
Sa,7.40,6709535.824,246262.814,28.592,3,21.192
Sa,7.60,6709535.824,246262.814,28.592,3,20.991999999999997
Sa,7.80,6709535.824,246262.814,28.592,3,20.791999999999998
Sa,8.00,6709535.824,246262.814,28.592,3,20.592
Sa,8.20,6709535.824,246262.814,28.592,3,20.392
Sa,8.40,6709535.824,246262.814,28.592,3,20.192
Sa,8.60,6709535.824,246262.814,28.592,3,19.991999999999997
Sa,8.80,6709535.824,246262.814,28.592,3,19.791999999999998
Sa,9.00,6709535.824,246262.814,28.592,3,19.592
Sa,9.20,6709535.824,246262.814,28.592,3,19.392
Sa,000.20,6708976.878,247621.308,29.193,4,28.993000000000002
Mr,003.65,6708976.878,247621.308,29.193,4,25.543000000000003
Sa,000.40,6709029.759,246268.888,26.112,4,25.712
Hk,009.40,6709029.759,246268.888,26.112,4,16.711999999999996
Sr,010.20,6709029.759,246268.888,26.112,4,15.911999999999999
Mr,010.60,6709029.759,246268.888,26.112,4,15.511999999999999
Sa,0.40,6709345.167,247977.876,38.317,4,37.917
Ki,1.12,6709345.167,247977.876,38.317,4,37.197
Sa,0.40,6709467.932,246134.606,28.961,4,28.561
Sa,0.60,6709467.932,246134.606,28.961,4,28.360999999999997
Sa,0.80,6709467.932,246134.606,28.961,4,28.160999999999998
Sa,1.40,6709467.932,246134.606,28.961,4,27.561
Sa,1.60,6709467.932,246134.606,28.961,4,27.360999999999997
Sa,1.80,6709467.932,246134.606,28.961,4,27.160999999999998
Sa,2.00,6709467.932,246134.606,28.961,4,26.961
Sa,2.20,6709467.932,246134.606,28.961,4,26.761
Sa,2.40,6709467.932,246134.606,28.961,4,26.561
Sa,2.60,6709467.932,246134.606,28.961,4,26.360999999999997
Sa,2.80,6709467.932,246134.606,28.961,4,26.160999999999998
Sa,3.00,6709467.932,246134.606,28.961,4,25.961
Sa,3.20,6709467.932,246134.606,28.961,4,25.761
Sa,3.40,6709467.932,246134.606,28.961,4,25.561
Sa,3.60,6709467.932,246134.606,28.961,4,25.360999999999997
Sa,3.80,6709467.932,246134.606,28.961,4,25.160999999999998
Sa,4.00,6709467.932,246134.606,28.961,4,24.961
Sa,4.20,6709467.932,246134.606,28.961,4,24.761
Sa,4.40,6709467.932,246134.606,28.961,4,24.561
Sa,4.60,6709467.932,246134.606,28.961,4,24.360999999999997
Sa,4.80,6709467.932,246134.606,28.961,4,24.160999999999998
Sa,5.00,6709467.932,246134.606,28.961,4,23.961
Sa,5.20,6709467.932,246134.606,28.961,4,23.761
Sa,000.20,6708977.956,247603.327,29.287,5,29.087
Mr,003.40,6708977.956,247603.327,29.287,5,25.887
Sa,000.40,6709012.769,246237.641,26.295,5,25.895000000000003
Hk,011.00,6709012.769,246237.641,26.295,5,15.295000000000002
Mr,013.28,6709012.769,246237.641,26.295,5,13.015000000000002
Sa,1.20,6709339.714,248012.12,35.878,5,34.678
Ki,2.48,6709339.714,248012.12,35.878,5,33.398
Sa,0.40,6709478.357,246229.902,27.722,5,27.322000000000003
Sa,0.60,6709478.357,246229.902,27.722,5,27.122
Sa,0.80,6709478.357,246229.902,27.722,5,26.922
Sa,1.00,6709478.357,246229.902,27.722,5,26.722
Sa,1.20,6709478.357,246229.902,27.722,5,26.522000000000002
Sa,1.40,6709478.357,246229.902,27.722,5,26.322000000000003
Sa,1.60,6709478.357,246229.902,27.722,5,26.122
Sa,1.80,6709478.357,246229.902,27.722,5,25.922
Sa,2.00,6709478.357,246229.902,27.722,5,25.722
Sa,2.20,6709478.357,246229.902,27.722,5,25.522000000000002
Sa,2.40,6709478.357,246229.902,27.722,5,25.322000000000003
Sa,2.60,6709478.357,246229.902,27.722,5,25.122
Sa,2.80,6709478.357,246229.902,27.722,5,24.922
Sa,3.00,6709478.357,246229.902,27.722,5,24.722
Sa,3.20,6709478.357,246229.902,27.722,5,24.522000000000002
Sa,3.40,6709478.357,246229.902,27.722,5,24.322000000000003
Sa,3.60,6709478.357,246229.902,27.722,5,24.122
Sa,3.80,6709478.357,246229.902,27.722,5,23.922
Sa,4.00,6709478.357,246229.902,27.722,5,23.722
Sa,4.20,6709478.357,246229.902,27.722,5,23.522000000000002
Sa,4.40,6709478.357,246229.902,27.722,5,23.322000000000003
Sa,4.60,6709478.357,246229.902,27.722,5,23.122
Sa,4.80,6709478.357,246229.902,27.722,5,22.922
Sa,5.00,6709478.357,246229.902,27.722,5,22.722
Sa,5.20,6709478.357,246229.902,27.722,5,22.522000000000002
Sa,5.40,6709478.357,246229.902,27.722,5,22.322000000000003
Sa,5.60,6709478.357,246229.902,27.722,5,22.122
Sa,5.80,6709478.357,246229.902,27.722,5,21.922
Sa,6.00,6709478.357,246229.902,27.722,5,21.722
Sa,6.20,6709478.357,246229.902,27.722,5,21.522000000000002
Sa,6.40,6709478.357,246229.902,27.722,5,21.322000000000003
Sa,6.60,6709478.357,246229.902,27.722,5,21.122
Sa,6.80,6709478.357,246229.902,27.722,5,20.922
Sa,7.00,6709478.357,246229.902,27.722,5,20.722
Sa,7.20,6709478.357,246229.902,27.722,5,20.522000000000002
Sa,7.40,6709478.357,246229.902,27.722,5,20.322000000000003
Sa,7.60,6709478.357,246229.902,27.722,5,20.122
Sa,7.80,6709478.357,246229.902,27.722,5,19.922
Sa,8.00,6709478.357,246229.902,27.722,5,19.722
Sa,8.20,6709478.357,246229.902,27.722,5,19.522000000000002
Sa,8.40,6709478.357,246229.902,27.722,5,19.322000000000003
Sa,8.60,6709478.357,246229.902,27.722,5,19.122
Sa,8.80,6709478.357,246229.902,27.722,5,18.922
Sa,9.00,6709478.357,246229.902,27.722,5,18.722
Sa,9.20,6709478.357,246229.902,27.722,5,18.522000000000002
Sa,9.40,6709478.357,246229.902,27.722,5,18.322000000000003
Sa,9.60,6709478.357,246229.902,27.722,5,18.122
Sa,9.80,6709478.357,246229.902,27.722,5,17.922
Sa,10.00,6709478.357,246229.902,27.722,5,17.722
Sa,10.20,6709478.357,246229.902,27.722,5,17.522000000000002
Sa,10.40,6709478.357,246229.902,27.722,5,17.322000000000003
Sa,10.60,6709478.357,246229.902,27.722,5,17.122
Sa,10.80,6709478.357,246229.902,27.722,5,16.922
Sa,11.00,6709478.357,246229.902,27.722,5,16.722
Sa,11.20,6709478.357,246229.902,27.722,5,16.522000000000002
Sa,11.40,6709478.357,246229.902,27.722,5,16.322000000000003
Sa,11.60,6709478.357,246229.902,27.722,5,16.122
Sa,11.80,6709478.357,246229.902,27.722,5,15.922
Sa,12.00,6709478.357,246229.902,27.722,5,15.722000000000001
Sa,12.20,6709478.357,246229.902,27.722,5,15.522000000000002
Sa,000.60,6708976.83,246157.365,26.763,6,26.163
Mr,005.19,6708976.83,246157.365,26.763,6,21.573
Sa,1.02,6709390.357,248009.682,33.835,6,32.815
Sa,7.22,6709390.357,248009.682,33.835,6,26.615000000000002
Ki,9.98,6709390.357,248009.682,33.835,6,23.855
Sa,0.40,6709415.947,246163.964,28.393,6,27.993000000000002
Sa,0.80,6709415.947,246163.964,28.393,6,27.593
Sa,1.00,6709415.947,246163.964,28.393,6,27.393
Sa,1.20,6709415.947,246163.964,28.393,6,27.193
Sa,1.40,6709415.947,246163.964,28.393,6,26.993000000000002
Sa,1.60,6709415.947,246163.964,28.393,6,26.793
Sa,1.80,6709415.947,246163.964,28.393,6,26.593
Sa,2.00,6709415.947,246163.964,28.393,6,26.393
Sa,2.20,6709415.947,246163.964,28.393,6,26.193
Sa,2.40,6709415.947,246163.964,28.393,6,25.993000000000002
Sa,2.60,6709415.947,246163.964,28.393,6,25.793
Sa,2.80,6709415.947,246163.964,28.393,6,25.593
Sa,3.00,6709415.947,246163.964,28.393,6,25.393
Sa,3.20,6709415.947,246163.964,28.393,6,25.193
Sa,3.40,6709415.947,246163.964,28.393,6,24.993000000000002
Sa,3.60,6709415.947,246163.964,28.393,6,24.793
Sa,3.80,6709415.947,246163.964,28.393,6,24.593
Sa,4.00,6709415.947,246163.964,28.393,6,24.393
Sa,4.20,6709415.947,246163.964,28.393,6,24.193
Sa,4.40,6709415.947,246163.964,28.393,6,23.993000000000002
Sa,4.60,6709415.947,246163.964,28.393,6,23.793
Sa,4.80,6709415.947,246163.964,28.393,6,23.593
Sa,5.00,6709415.947,246163.964,28.393,6,23.393
Sa,5.20,6709415.947,246163.964,28.393,6,23.193
Sa,5.40,6709415.947,246163.964,28.393,6,22.993000000000002
Sa,5.60,6709415.947,246163.964,28.393,6,22.793
Sa,5.80,6709415.947,246163.964,28.393,6,22.593
Sa,6.00,6709415.947,246163.964,28.393,6,22.393
Sa,6.20,6709415.947,246163.964,28.393,6,22.193
Sa,6.40,6709415.947,246163.964,28.393,6,21.993000000000002
Sa,6.60,6709415.947,246163.964,28.393,6,21.793
Sa,000.20,6709023.314,246125.664,27.427,7,27.227
Sr,000.60,6709023.314,246125.664,27.427,7,26.826999999999998
Sr,006.05,6709023.314,246125.664,27.427,7,21.377
Sa,0.40,6709417.055,246256.83,27.134,7,26.734
Sa,0.60,6709417.055,246256.83,27.134,7,26.534
Sa,0.80,6709417.055,246256.83,27.134,7,26.334
Sa,1.00,6709417.055,246256.83,27.134,7,26.134
Sa,1.20,6709417.055,246256.83,27.134,7,25.934
Sa,1.40,6709417.055,246256.83,27.134,7,25.734
Sa,1.60,6709417.055,246256.83,27.134,7,25.534
Sa,1.80,6709417.055,246256.83,27.134,7,25.334
Sa,2.00,6709417.055,246256.83,27.134,7,25.134
Sa,2.20,6709417.055,246256.83,27.134,7,24.934
Sa,2.40,6709417.055,246256.83,27.134,7,24.734
Sa,2.60,6709417.055,246256.83,27.134,7,24.534
Sa,2.80,6709417.055,246256.83,27.134,7,24.334
Sa,3.00,6709417.055,246256.83,27.134,7,24.134
Sa,3.20,6709417.055,246256.83,27.134,7,23.934
Sa,3.40,6709417.055,246256.83,27.134,7,23.734
Sa,3.60,6709417.055,246256.83,27.134,7,23.534
Sa,3.80,6709417.055,246256.83,27.134,7,23.334
Sa,4.00,6709417.055,246256.83,27.134,7,23.134
Sa,4.20,6709417.055,246256.83,27.134,7,22.934
Sa,4.40,6709417.055,246256.83,27.134,7,22.734
Sa,4.60,6709417.055,246256.83,27.134,7,22.534
Sa,4.80,6709417.055,246256.83,27.134,7,22.334
Sa,5.00,6709417.055,246256.83,27.134,7,22.134
Sa,5.20,6709417.055,246256.83,27.134,7,21.934
Sa,5.40,6709417.055,246256.83,27.134,7,21.734
Sa,5.60,6709417.055,246256.83,27.134,7,21.534
Sa,5.80,6709417.055,246256.83,27.134,7,21.334
Sa,6.00,6709417.055,246256.83,27.134,7,21.134
Sa,6.20,6709417.055,246256.83,27.134,7,20.934
Sa,6.40,6709417.055,246256.83,27.134,7,20.734
Sa,6.60,6709417.055,246256.83,27.134,7,20.534
Sa,6.80,6709417.055,246256.83,27.134,7,20.334
Sa,7.00,6709417.055,246256.83,27.134,7,20.134
Sa,7.20,6709417.055,246256.83,27.134,7,19.934
Sa,7.40,6709417.055,246256.83,27.134,7,19.734
Sa,7.60,6709417.055,246256.83,27.134,7,19.534
Sa,7.80,6709417.055,246256.83,27.134,7,19.334
Sa,8.00,6709417.055,246256.83,27.134,7,19.134
Sa,8.20,6709417.055,246256.83,27.134,7,18.934
Sa,8.40,6709417.055,246256.83,27.134,7,18.734
Sa,8.60,6709417.055,246256.83,27.134,7,18.534
Sa,8.80,6709417.055,246256.83,27.134,7,18.334
Sa,9.00,6709417.055,246256.83,27.134,7,18.134
Sa,9.20,6709417.055,246256.83,27.134,7,17.934
Sa,9.40,6709417.055,246256.83,27.134,7,17.734
Sa,9.60,6709417.055,246256.83,27.134,7,17.534
Sa,9.80,6709417.055,246256.83,27.134,7,17.334
Sa,10.00,6709417.055,246256.83,27.134,7,17.134
Sa,10.20,6709417.055,246256.83,27.134,7,16.934
Sa,10.40,6709417.055,246256.83,27.134,7,16.734
Sa,10.60,6709417.055,246256.83,27.134,7,16.534
Sa,10.80,6709417.055,246256.83,27.134,7,16.334
Sa,11.00,6709417.055,246256.83,27.134,7,16.134
Sa,11.20,6709417.055,246256.83,27.134,7,15.934000000000001
Sa,11.40,6709417.055,246256.83,27.134,7,15.734
Sa,11.60,6709417.055,246256.83,27.134,7,15.534
Sa,11.80,6709417.055,246256.83,27.134,7,15.334
Sa,12.00,6709417.055,246256.83,27.134,7,15.134
Sa,12.20,6709417.055,246256.83,27.134,7,14.934000000000001
Sa,12.40,6709417.055,246256.83,27.134,7,14.734
Sa,12.60,6709417.055,246256.83,27.134,7,14.534
Sa,12.80,6709417.055,246256.83,27.134,7,14.334
Sa,13.00,6709417.055,246256.83,27.134,7,14.134
Sa,13.20,6709417.055,246256.83,27.134,7,13.934000000000001
Sa,13.40,6709417.055,246256.83,27.134,7,13.734
Sa,13.60,6709417.055,246256.83,27.134,7,13.534
Sa,13.80,6709417.055,246256.83,27.134,7,13.334
Sa,14.00,6709417.055,246256.83,27.134,7,13.134
Sa,14.20,6709417.055,246256.83,27.134,7,12.934000000000001
Sa,14.40,6709417.055,246256.83,27.134,7,12.734
Sa,14.60,6709417.055,246256.83,27.134,7,12.534
Sa,14.80,6709417.055,246256.83,27.134,7,12.334
Sa,15.00,6709417.055,246256.83,27.134,7,12.134
Sa,15.20,6709417.055,246256.83,27.134,7,11.934000000000001
Sa,15.40,6709417.055,246256.83,27.134,7,11.734
Sa,1.30,6709464.737,248035.259,32.919,7,31.618999999999996
Ki,5.06,6709464.737,248035.259,32.919,7,27.858999999999998
Sa,000.20,6709072.394,246217.277,26.26,8,26.060000000000002
Hk,005.20,6709072.394,246217.277,26.26,8,21.060000000000002
Sa,005.40,6709072.394,246217.277,26.26,8,20.86
Mr,005.94,6709072.394,246217.277,26.26,8,20.32
Sa,0.40,6709416.972,246326.824,26.651,8,26.251
Sa,0.80,6709416.972,246326.824,26.651,8,25.851
Sa,1.00,6709416.972,246326.824,26.651,8,25.651
Sa,1.20,6709416.972,246326.824,26.651,8,25.451
Sa,1.40,6709416.972,246326.824,26.651,8,25.251
Sa,1.60,6709416.972,246326.824,26.651,8,25.051
Sa,1.80,6709416.972,246326.824,26.651,8,24.851
Sa,2.00,6709416.972,246326.824,26.651,8,24.651
Sa,2.20,6709416.972,246326.824,26.651,8,24.451
Sa,2.40,6709416.972,246326.824,26.651,8,24.251
Sa,2.60,6709416.972,246326.824,26.651,8,24.051
Sa,2.80,6709416.972,246326.824,26.651,8,23.851
Sa,3.00,6709416.972,246326.824,26.651,8,23.651
Sa,3.20,6709416.972,246326.824,26.651,8,23.451
Sa,3.40,6709416.972,246326.824,26.651,8,23.251
Sa,3.60,6709416.972,246326.824,26.651,8,23.051
Sa,3.80,6709416.972,246326.824,26.651,8,22.851
Sa,4.00,6709416.972,246326.824,26.651,8,22.651
Sa,4.20,6709416.972,246326.824,26.651,8,22.451
Sa,4.40,6709416.972,246326.824,26.651,8,22.250999999999998
Sa,4.60,6709416.972,246326.824,26.651,8,22.051000000000002
Sa,4.80,6709416.972,246326.824,26.651,8,21.851
Sa,5.00,6709416.972,246326.824,26.651,8,21.651
Sa,5.20,6709416.972,246326.824,26.651,8,21.451
Sa,5.40,6709416.972,246326.824,26.651,8,21.250999999999998
Sa,5.60,6709416.972,246326.824,26.651,8,21.051000000000002
Sa,5.80,6709416.972,246326.824,26.651,8,20.851
Sa,6.00,6709416.972,246326.824,26.651,8,20.651
Sa,6.20,6709416.972,246326.824,26.651,8,20.451
Sa,6.40,6709416.972,246326.824,26.651,8,20.250999999999998
Sa,6.60,6709416.972,246326.824,26.651,8,20.051000000000002
Sa,6.80,6709416.972,246326.824,26.651,8,19.851
Sa,7.00,6709416.972,246326.824,26.651,8,19.651
Sa,7.20,6709416.972,246326.824,26.651,8,19.451
Sa,7.40,6709416.972,246326.824,26.651,8,19.250999999999998
Sa,7.60,6709416.972,246326.824,26.651,8,19.051000000000002
Sa,7.80,6709416.972,246326.824,26.651,8,18.851
Sa,8.00,6709416.972,246326.824,26.651,8,18.651
Sa,8.20,6709416.972,246326.824,26.651,8,18.451
Sa,8.40,6709416.972,246326.824,26.651,8,18.250999999999998
Sa,8.60,6709416.972,246326.824,26.651,8,18.051000000000002
Sa,8.80,6709416.972,246326.824,26.651,8,17.851
Sa,9.00,6709416.972,246326.824,26.651,8,17.651
Sa,9.20,6709416.972,246326.824,26.651,8,17.451
Sa,9.40,6709416.972,246326.824,26.651,8,17.250999999999998
Sa,9.60,6709416.972,246326.824,26.651,8,17.051000000000002
Sa,9.80,6709416.972,246326.824,26.651,8,16.851
Sa,10.00,6709416.972,246326.824,26.651,8,16.651
Sa,10.20,6709416.972,246326.824,26.651,8,16.451
Sa,10.40,6709416.972,246326.824,26.651,8,16.250999999999998
Sa,10.60,6709416.972,246326.824,26.651,8,16.051000000000002
Sa,10.80,6709416.972,246326.824,26.651,8,15.850999999999999
Sa,11.00,6709416.972,246326.824,26.651,8,15.651
Sa,11.20,6709416.972,246326.824,26.651,8,15.451
Sa,1.22,6709433.066,248000.489,32.989,8,31.769
Ki,11.28,6709433.066,248000.489,32.989,8,21.708999999999996
Sa,000.20,6709116.432,246306.17,25.935,9,25.735
Mr,013.20,6709116.432,246306.17,25.935,9,12.735
Mr,013.35,6709116.432,246306.17,25.935,9,12.584999999999999
Mr,015.65,6709116.432,246306.17,25.935,9,10.284999999999998
Mr,019.05,6709116.432,246306.17,25.935,9,6.884999999999998
Mr,019.54,6709116.432,246306.17,25.935,9,6.395
Mr,022.56,6709116.432,246306.17,25.935,9,3.375
Sa,0.40,6709334.285,246200.698,27.766,9,27.366
Sa,0.80,6709334.285,246200.698,27.766,9,26.965999999999998
Sa,1.00,6709334.285,246200.698,27.766,9,26.766
Sa,1.20,6709334.285,246200.698,27.766,9,26.566
Sa,1.40,6709334.285,246200.698,27.766,9,26.366
Sa,1.60,6709334.285,246200.698,27.766,9,26.165999999999997
Sa,1.80,6709334.285,246200.698,27.766,9,25.965999999999998
Sa,2.00,6709334.285,246200.698,27.766,9,25.766
Sa,2.20,6709334.285,246200.698,27.766,9,25.566
Sa,2.40,6709334.285,246200.698,27.766,9,25.366
Sa,2.60,6709334.285,246200.698,27.766,9,25.165999999999997
Sa,2.80,6709334.285,246200.698,27.766,9,24.965999999999998
Sa,3.00,6709334.285,246200.698,27.766,9,24.766
Sa,3.20,6709334.285,246200.698,27.766,9,24.566
Sa,3.40,6709334.285,246200.698,27.766,9,24.366
Sa,3.60,6709334.285,246200.698,27.766,9,24.165999999999997
Sa,3.80,6709334.285,246200.698,27.766,9,23.965999999999998
Sa,4.00,6709334.285,246200.698,27.766,9,23.766
Sa,4.20,6709334.285,246200.698,27.766,9,23.566
Sa,4.40,6709334.285,246200.698,27.766,9,23.366
Sa,4.60,6709334.285,246200.698,27.766,9,23.165999999999997
Sa,4.80,6709334.285,246200.698,27.766,9,22.965999999999998
Sa,5.00,6709334.285,246200.698,27.766,9,22.766
Sa,5.20,6709334.285,246200.698,27.766,9,22.566
Sa,5.40,6709334.285,246200.698,27.766,9,22.366
Sa,5.60,6709334.285,246200.698,27.766,9,22.165999999999997
Sa,5.80,6709334.285,246200.698,27.766,9,21.965999999999998
Sa,6.00,6709334.285,246200.698,27.766,9,21.766
Sa,6.20,6709334.285,246200.698,27.766,9,21.566
Sa,6.40,6709334.285,246200.698,27.766,9,21.366
Sa,6.60,6709334.285,246200.698,27.766,9,21.165999999999997
Sa,6.80,6709334.285,246200.698,27.766,9,20.965999999999998
Sa,7.00,6709334.285,246200.698,27.766,9,20.766
Sa,7.20,6709334.285,246200.698,27.766,9,20.566
Sa,7.40,6709334.285,246200.698,27.766,9,20.366
Sa,7.60,6709334.285,246200.698,27.766,9,20.165999999999997
Sa,7.80,6709334.285,246200.698,27.766,9,19.965999999999998
Sa,8.00,6709334.285,246200.698,27.766,9,19.766
Sa,8.20,6709334.285,246200.698,27.766,9,19.566
Sa,8.40,6709334.285,246200.698,27.766,9,19.366
Sa,8.60,6709334.285,246200.698,27.766,9,19.165999999999997
Sa,8.80,6709334.285,246200.698,27.766,9,18.965999999999998
Sa,9.00,6709334.285,246200.698,27.766,9,18.766
Sa,9.20,6709334.285,246200.698,27.766,9,18.566
Sa,9.40,6709334.285,246200.698,27.766,9,18.366
Sa,9.60,6709334.285,246200.698,27.766,9,18.165999999999997
Sa,9.80,6709334.285,246200.698,27.766,9,17.965999999999998
Sa,10.00,6709334.285,246200.698,27.766,9,17.766
Sa,10.20,6709334.285,246200.698,27.766,9,17.566
Sa,10.40,6709334.285,246200.698,27.766,9,17.366
Sa,10.60,6709334.285,246200.698,27.766,9,17.165999999999997
Sa,10.80,6709334.285,246200.698,27.766,9,16.965999999999998
Sa,11.00,6709334.285,246200.698,27.766,9,16.766
Sa,11.20,6709334.285,246200.698,27.766,9,16.566
Sa,11.40,6709334.285,246200.698,27.766,9,16.366
Sa,11.60,6709334.285,246200.698,27.766,9,16.165999999999997
Sa,11.80,6709334.285,246200.698,27.766,9,15.965999999999998
Sa,12.00,6709334.285,246200.698,27.766,9,15.765999999999998
Sa,12.20,6709334.285,246200.698,27.766,9,15.565999999999999
Sa,12.40,6709334.285,246200.698,27.766,9,15.365999999999998
Sa,12.60,6709334.285,246200.698,27.766,9,15.165999999999999
Sa,12.80,6709334.285,246200.698,27.766,9,14.965999999999998
Sa,13.00,6709334.285,246200.698,27.766,9,14.765999999999998
Sa,13.20,6709334.285,246200.698,27.766,9,14.565999999999999
Sa,13.40,6709334.285,246200.698,27.766,9,14.365999999999998
Sa,13.60,6709334.285,246200.698,27.766,9,14.165999999999999
Sa,13.80,6709334.285,246200.698,27.766,9,13.965999999999998
Sa,14.00,6709334.285,246200.698,27.766,9,13.765999999999998
Sa,14.20,6709334.285,246200.698,27.766,9,13.565999999999999
Sa,14.40,6709334.285,246200.698,27.766,9,13.365999999999998
Sa,1.34,6709448.952,247947.406,32.61,9,31.27
Ki,9.06,6709448.952,247947.406,32.61,9,23.549999999999997
Sa,000.60,6709169.918,246402.338,25.563,10,24.962999999999997
Mr,016.80,6709169.918,246402.338,25.563,10,8.762999999999998
Sa,0.40,6709280.769,246130.214,30.04,10,29.64
Sa,0.60,6709280.769,246130.214,30.04,10,29.439999999999998
Sa,0.80,6709280.769,246130.214,30.04,10,29.24
Sa,1.00,6709280.769,246130.214,30.04,10,29.04
Sa,1.20,6709280.769,246130.214,30.04,10,28.84
Sa,1.40,6709280.769,246130.214,30.04,10,28.64
Sa,1.60,6709280.769,246130.214,30.04,10,28.439999999999998
Sa,1.80,6709280.769,246130.214,30.04,10,28.24
Sa,2.00,6709280.769,246130.214,30.04,10,28.04
Sa,2.20,6709280.769,246130.214,30.04,10,27.84
Sa,2.40,6709280.769,246130.214,30.04,10,27.64
Sa,2.60,6709280.769,246130.214,30.04,10,27.439999999999998
Sa,2.80,6709280.769,246130.214,30.04,10,27.24
Sa,3.00,6709280.769,246130.214,30.04,10,27.04
Sa,3.20,6709280.769,246130.214,30.04,10,26.84
Sa,000.40,6709464.181,247887.19,31.785,10,31.385
Mr,004.80,6709464.181,247887.19,31.785,10,26.985
Ki,005.60,6709464.181,247887.19,31.785,10,26.185000000000002
Ki,005.73,6709464.181,247887.19,31.785,10,26.055
Mr,006.26,6709464.181,247887.19,31.785,10,25.525
Sa,0.40,6709210.486,246123.617,28.319,11,27.919
Sa,0.60,6709210.486,246123.617,28.319,11,27.718999999999998
Sa,0.80,6709210.486,246123.617,28.319,11,27.519
Sa,1.00,6709210.486,246123.617,28.319,11,27.319
Sa,1.20,6709210.486,246123.617,28.319,11,27.119
Sa,1.40,6709210.486,246123.617,28.319,11,26.919
Sa,1.60,6709210.486,246123.617,28.319,11,26.718999999999998
Sa,1.80,6709210.486,246123.617,28.319,11,26.519
Sa,2.00,6709210.486,246123.617,28.319,11,26.319
Sa,2.20,6709210.486,246123.617,28.319,11,26.119
Sa,2.40,6709210.486,246123.617,28.319,11,25.919
Sa,2.60,6709210.486,246123.617,28.319,11,25.718999999999998
Sa,2.80,6709210.486,246123.617,28.319,11,25.519
Sa,3.00,6709210.486,246123.617,28.319,11,25.319
Sa,3.20,6709210.486,246123.617,28.319,11,25.119
Sa,000.20,6709275.581,246351.561,25.915,11,25.715
Mr,020.00,6709275.581,246351.561,25.915,11,5.914999999999999
Mr,021.12,6709275.581,246351.561,25.915,11,4.794999999999998
Sa,1.20,6709303.712,247994.005,36.837,11,35.637
Ki,2.26,6709303.712,247994.005,36.837,11,34.577000000000005
Sa,001.40,6709214.897,246323.738,25.854,12,24.454
Hk,018.80,6709214.897,246323.738,25.854,12,7.0539999999999985
Mr,019.80,6709214.897,246323.738,25.854,12,6.0539999999999985
Sa,0.40,6709224.467,247967.706,33.202,12,32.802
Sa,1.00,6709224.467,247967.706,33.202,12,32.202
Ki,4.60,6709224.467,247967.706,33.202,12,28.601999999999997
Sa,0.40,6709236.262,246183.146,27.762,12,27.362000000000002
Sa,0.80,6709236.262,246183.146,27.762,12,26.962
Sa,1.00,6709236.262,246183.146,27.762,12,26.762
Sa,1.20,6709236.262,246183.146,27.762,12,26.562
Sa,1.40,6709236.262,246183.146,27.762,12,26.362000000000002
Sa,1.60,6709236.262,246183.146,27.762,12,26.162
Sa,1.80,6709236.262,246183.146,27.762,12,25.962
Sa,2.00,6709236.262,246183.146,27.762,12,25.762
Sa,2.20,6709236.262,246183.146,27.762,12,25.562
Sa,2.40,6709236.262,246183.146,27.762,12,25.362000000000002
Sa,2.60,6709236.262,246183.146,27.762,12,25.162
Sa,2.80,6709236.262,246183.146,27.762,12,24.962
Sa,3.00,6709236.262,246183.146,27.762,12,24.762
Sa,3.20,6709236.262,246183.146,27.762,12,24.562
Sa,3.40,6709236.262,246183.146,27.762,12,24.362000000000002
Sa,3.60,6709236.262,246183.146,27.762,12,24.162
Sa,3.80,6709236.262,246183.146,27.762,12,23.962
Sa,4.00,6709236.262,246183.146,27.762,12,23.762
Sa,4.20,6709236.262,246183.146,27.762,12,23.562
Sa,4.40,6709236.262,246183.146,27.762,12,23.362000000000002
Sa,4.60,6709236.262,246183.146,27.762,12,23.162
Sa,4.80,6709236.262,246183.146,27.762,12,22.962
Sa,5.00,6709236.262,246183.146,27.762,12,22.762
Sa,5.20,6709236.262,246183.146,27.762,12,22.562
Sa,5.40,6709236.262,246183.146,27.762,12,22.362000000000002
Sa,5.60,6709236.262,246183.146,27.762,12,22.162
Sa,5.80,6709236.262,246183.146,27.762,12,21.962
Sa,6.00,6709236.262,246183.146,27.762,12,21.762
Sa,6.20,6709236.262,246183.146,27.762,12,21.562
Sa,6.40,6709236.262,246183.146,27.762,12,21.362000000000002
Sa,6.60,6709236.262,246183.146,27.762,12,21.162
Sa,6.80,6709236.262,246183.146,27.762,12,20.962
Sa,001.60,6709177.564,246217.519,26.709,13,25.108999999999998
Mr,012.00,6709177.564,246217.519,26.709,13,14.709
Ki,0.36,6709204.035,247824.02,31.707,13,31.347
Sa,0.94,6709204.035,247824.02,31.707,13,30.767
Ki,1.08,6709204.035,247824.02,31.707,13,30.627000000000002
Sa,1.46,6709204.035,247824.02,31.707,13,30.247
Ki,4.12,6709204.035,247824.02,31.707,13,27.587
Sa,0.40,6709270.165,246244.928,26.751,13,26.351000000000003
Sa,0.80,6709270.165,246244.928,26.751,13,25.951
Sa,1.00,6709270.165,246244.928,26.751,13,25.751
Sa,1.20,6709270.165,246244.928,26.751,13,25.551000000000002
Sa,1.40,6709270.165,246244.928,26.751,13,25.351000000000003
Sa,1.60,6709270.165,246244.928,26.751,13,25.151
Sa,1.80,6709270.165,246244.928,26.751,13,24.951
Sa,2.00,6709270.165,246244.928,26.751,13,24.751
Sa,2.20,6709270.165,246244.928,26.751,13,24.551000000000002
Sa,2.40,6709270.165,246244.928,26.751,13,24.351000000000003
Sa,2.60,6709270.165,246244.928,26.751,13,24.151
Sa,2.80,6709270.165,246244.928,26.751,13,23.951
Sa,3.00,6709270.165,246244.928,26.751,13,23.751
Sa,3.20,6709270.165,246244.928,26.751,13,23.551000000000002
Sa,3.40,6709270.165,246244.928,26.751,13,23.351000000000003
Sa,3.60,6709270.165,246244.928,26.751,13,23.151
Sa,3.80,6709270.165,246244.928,26.751,13,22.951
Sa,4.00,6709270.165,246244.928,26.751,13,22.751
Sa,4.20,6709270.165,246244.928,26.751,13,22.551000000000002
Sa,4.40,6709270.165,246244.928,26.751,13,22.351
Sa,4.60,6709270.165,246244.928,26.751,13,22.151000000000003
Sa,4.80,6709270.165,246244.928,26.751,13,21.951
Sa,5.00,6709270.165,246244.928,26.751,13,21.751
Sa,5.20,6709270.165,246244.928,26.751,13,21.551000000000002
Sa,5.40,6709270.165,246244.928,26.751,13,21.351
Sa,5.60,6709270.165,246244.928,26.751,13,21.151000000000003
Sa,5.80,6709270.165,246244.928,26.751,13,20.951
Sa,6.00,6709270.165,246244.928,26.751,13,20.751
Sa,6.20,6709270.165,246244.928,26.751,13,20.551000000000002
Sa,6.40,6709270.165,246244.928,26.751,13,20.351
Sa,6.60,6709270.165,246244.928,26.751,13,20.151000000000003
Sa,6.80,6709270.165,246244.928,26.751,13,19.951
Sa,7.00,6709270.165,246244.928,26.751,13,19.751
Sa,7.20,6709270.165,246244.928,26.751,13,19.551000000000002
Sa,7.40,6709270.165,246244.928,26.751,13,19.351
Sa,7.60,6709270.165,246244.928,26.751,13,19.151000000000003
Sa,7.80,6709270.165,246244.928,26.751,13,18.951
Sa,8.00,6709270.165,246244.928,26.751,13,18.751
Sa,8.20,6709270.165,246244.928,26.751,13,18.551000000000002
Sa,8.40,6709270.165,246244.928,26.751,13,18.351
Sa,8.60,6709270.165,246244.928,26.751,13,18.151000000000003
Sa,8.80,6709270.165,246244.928,26.751,13,17.951
Sa,9.00,6709270.165,246244.928,26.751,13,17.751
Sa,9.20,6709270.165,246244.928,26.751,13,17.551000000000002
Sa,9.40,6709270.165,246244.928,26.751,13,17.351
Sa,9.60,6709270.165,246244.928,26.751,13,17.151000000000003
Sa,9.80,6709270.165,246244.928,26.751,13,16.951
Sa,10.00,6709270.165,246244.928,26.751,13,16.751
Sa,10.20,6709270.165,246244.928,26.751,13,16.551000000000002
Sa,10.40,6709270.165,246244.928,26.751,13,16.351
Sa,10.60,6709270.165,246244.928,26.751,13,16.151000000000003
Sa,10.80,6709270.165,246244.928,26.751,13,15.951
Sa,11.00,6709270.165,246244.928,26.751,13,15.751000000000001
Sa,11.20,6709270.165,246244.928,26.751,13,15.551000000000002
Sa,11.40,6709270.165,246244.928,26.751,13,15.351
Sa,11.60,6709270.165,246244.928,26.751,13,15.151000000000002
Sa,11.80,6709270.165,246244.928,26.751,13,14.951
Sa,12.00,6709270.165,246244.928,26.751,13,14.751000000000001
Sa,12.20,6709270.165,246244.928,26.751,13,14.551000000000002
Sa,12.40,6709270.165,246244.928,26.751,13,14.351
Sa,12.60,6709270.165,246244.928,26.751,13,14.151000000000002
Sa,12.80,6709270.165,246244.928,26.751,13,13.951
Sa,13.00,6709270.165,246244.928,26.751,13,13.751000000000001
Sa,13.20,6709270.165,246244.928,26.751,13,13.551000000000002
Sa,13.40,6709270.165,246244.928,26.751,13,13.351
Sa,13.60,6709270.165,246244.928,26.751,13,13.151000000000002
Sa,13.80,6709270.165,246244.928,26.751,13,12.951
Sa,14.00,6709270.165,246244.928,26.751,13,12.751000000000001
Sa,14.20,6709270.165,246244.928,26.751,13,12.551000000000002
Sa,14.40,6709270.165,246244.928,26.751,13,12.351
Sa,14.60,6709270.165,246244.928,26.751,13,12.151000000000002
Sa,14.80,6709270.165,246244.928,26.751,13,11.951
Sa,15.00,6709270.165,246244.928,26.751,13,11.751000000000001
Sa,15.20,6709270.165,246244.928,26.751,13,11.551000000000002
Sa,15.40,6709270.165,246244.928,26.751,13,11.351
Sa,15.60,6709270.165,246244.928,26.751,13,11.151000000000002
Sa,15.80,6709270.165,246244.928,26.751,13,10.951
Sa,16.00,6709270.165,246244.928,26.751,13,10.751000000000001
Sa,16.20,6709270.165,246244.928,26.751,13,10.551000000000002
Sa,16.40,6709270.165,246244.928,26.751,13,10.351000000000003
Sa,16.60,6709270.165,246244.928,26.751,13,10.151
Sa,16.80,6709270.165,246244.928,26.751,13,9.951
Sa,17.00,6709270.165,246244.928,26.751,13,9.751000000000001
Sa,17.20,6709270.165,246244.928,26.751,13,9.551000000000002
Sa,17.40,6709270.165,246244.928,26.751,13,9.351000000000003
Sa,17.60,6709270.165,246244.928,26.751,13,9.151
Sa,17.80,6709270.165,246244.928,26.751,13,8.951
Sa,18.00,6709270.165,246244.928,26.751,13,8.751000000000001
Sa,18.20,6709270.165,246244.928,26.751,13,8.551000000000002
Sa,18.40,6709270.165,246244.928,26.751,13,8.351000000000003
Sa,000.40,6709158.412,246171.611,26.992,14,26.592000000000002
Hk,008.20,6709158.412,246171.611,26.992,14,18.792
Mr,008.60,6709158.412,246171.611,26.992,14,18.392000000000003
Sa,0.40,6709302.525,246381.973,26.048,14,25.648
Sa,0.60,6709302.525,246381.973,26.048,14,25.447999999999997
Sa,0.80,6709302.525,246381.973,26.048,14,25.247999999999998
Sa,1.00,6709302.525,246381.973,26.048,14,25.048
Sa,1.20,6709302.525,246381.973,26.048,14,24.848
Sa,1.40,6709302.525,246381.973,26.048,14,24.648
Sa,1.60,6709302.525,246381.973,26.048,14,24.447999999999997
Sa,1.80,6709302.525,246381.973,26.048,14,24.247999999999998
Sa,2.00,6709302.525,246381.973,26.048,14,24.048
Sa,2.20,6709302.525,246381.973,26.048,14,23.848
Sa,2.40,6709302.525,246381.973,26.048,14,23.648
Sa,2.60,6709302.525,246381.973,26.048,14,23.447999999999997
Sa,2.80,6709302.525,246381.973,26.048,14,23.247999999999998
Sa,3.00,6709302.525,246381.973,26.048,14,23.048
Sa,3.20,6709302.525,246381.973,26.048,14,22.848
Sa,3.40,6709302.525,246381.973,26.048,14,22.648
Sa,3.60,6709302.525,246381.973,26.048,14,22.447999999999997
Sa,3.80,6709302.525,246381.973,26.048,14,22.247999999999998
Sa,4.00,6709302.525,246381.973,26.048,14,22.048
Sa,4.20,6709302.525,246381.973,26.048,14,21.848
Sa,4.40,6709302.525,246381.973,26.048,14,21.647999999999996
Sa,4.60,6709302.525,246381.973,26.048,14,21.448
Sa,4.80,6709302.525,246381.973,26.048,14,21.247999999999998
Sa,5.00,6709302.525,246381.973,26.048,14,21.048
Sa,5.20,6709302.525,246381.973,26.048,14,20.848
Sa,5.40,6709302.525,246381.973,26.048,14,20.647999999999996
Sa,5.60,6709302.525,246381.973,26.048,14,20.448
Sa,5.80,6709302.525,246381.973,26.048,14,20.247999999999998
Sa,6.00,6709302.525,246381.973,26.048,14,20.048
Sa,6.20,6709302.525,246381.973,26.048,14,19.848
Sa,6.40,6709302.525,246381.973,26.048,14,19.647999999999996
Sa,6.60,6709302.525,246381.973,26.048,14,19.448
Sa,6.80,6709302.525,246381.973,26.048,14,19.247999999999998
Sa,7.00,6709302.525,246381.973,26.048,14,19.048
Sa,7.20,6709302.525,246381.973,26.048,14,18.848
Sa,7.40,6709302.525,246381.973,26.048,14,18.647999999999996
Sa,7.60,6709302.525,246381.973,26.048,14,18.448
Sa,7.80,6709302.525,246381.973,26.048,14,18.247999999999998
Sa,8.00,6709302.525,246381.973,26.048,14,18.048
Sa,8.20,6709302.525,246381.973,26.048,14,17.848
Sa,8.40,6709302.525,246381.973,26.048,14,17.647999999999996
Sa,8.60,6709302.525,246381.973,26.048,14,17.448
Sa,8.80,6709302.525,246381.973,26.048,14,17.247999999999998
Sa,9.00,6709302.525,246381.973,26.048,14,17.048
Sa,9.20,6709302.525,246381.973,26.048,14,16.848
Sa,9.40,6709302.525,246381.973,26.048,14,16.647999999999996
Sa,9.60,6709302.525,246381.973,26.048,14,16.448
Sa,9.80,6709302.525,246381.973,26.048,14,16.247999999999998
Sa,10.00,6709302.525,246381.973,26.048,14,16.048
Sa,10.20,6709302.525,246381.973,26.048,14,15.847999999999999
Sa,10.40,6709302.525,246381.973,26.048,14,15.647999999999998
Sa,10.60,6709302.525,246381.973,26.048,14,15.447999999999999
Sa,10.80,6709302.525,246381.973,26.048,14,15.247999999999998
Sa,11.00,6709302.525,246381.973,26.048,14,15.047999999999998
Sa,11.20,6709302.525,246381.973,26.048,14,14.847999999999999
Sa,11.40,6709302.525,246381.973,26.048,14,14.647999999999998
Sa,11.60,6709302.525,246381.973,26.048,14,14.447999999999999
Sa,11.80,6709302.525,246381.973,26.048,14,14.247999999999998
Sa,12.00,6709302.525,246381.973,26.048,14,14.047999999999998
Sa,12.20,6709302.525,246381.973,26.048,14,13.847999999999999
Sa,12.40,6709302.525,246381.973,26.048,14,13.647999999999998
Sa,12.60,6709302.525,246381.973,26.048,14,13.447999999999999
Sa,12.80,6709302.525,246381.973,26.048,14,13.247999999999998
Sa,13.00,6709302.525,246381.973,26.048,14,13.047999999999998
Sa,13.20,6709302.525,246381.973,26.048,14,12.847999999999999
Sa,13.40,6709302.525,246381.973,26.048,14,12.647999999999998
Sa,13.60,6709302.525,246381.973,26.048,14,12.447999999999999
Sa,13.80,6709302.525,246381.973,26.048,14,12.247999999999998
Sa,14.00,6709302.525,246381.973,26.048,14,12.047999999999998
Sa,14.20,6709302.525,246381.973,26.048,14,11.847999999999999
Sa,14.40,6709302.525,246381.973,26.048,14,11.647999999999998
Sa,14.60,6709302.525,246381.973,26.048,14,11.447999999999999
Sa,14.80,6709302.525,246381.973,26.048,14,11.247999999999998
Sa,15.00,6709302.525,246381.973,26.048,14,11.047999999999998
Sa,15.20,6709302.525,246381.973,26.048,14,10.847999999999999
Sa,15.40,6709302.525,246381.973,26.048,14,10.647999999999998
Sa,15.60,6709302.525,246381.973,26.048,14,10.447999999999999
Sa,15.80,6709302.525,246381.973,26.048,14,10.247999999999998
Sa,16.00,6709302.525,246381.973,26.048,14,10.047999999999998
Sa,16.20,6709302.525,246381.973,26.048,14,9.847999999999999
Sa,16.40,6709302.525,246381.973,26.048,14,9.648
Sa,0.40,6709330.719,247797.018,44.879,14,44.479
Ki,0.86,6709330.719,247797.018,44.879,14,44.019
Sa,000.20,6709078.011,246158.006,27.117,15,26.917
Mr,003.23,6709078.011,246158.006,27.117,15,23.887
Sa,0.40,6709092.142,246123.372,27.198,15,26.798000000000002
Sa,0.60,6709092.142,246123.372,27.198,15,26.598
Sa,0.80,6709092.142,246123.372,27.198,15,26.398
Sa,1.00,6709092.142,246123.372,27.198,15,26.198
Sa,1.20,6709092.142,246123.372,27.198,15,25.998
Sa,1.40,6709092.142,246123.372,27.198,15,25.798000000000002
Sa,1.60,6709092.142,246123.372,27.198,15,25.598
Sa,1.80,6709092.142,246123.372,27.198,15,25.398
Sa,2.00,6709092.142,246123.372,27.198,15,25.198
Sa,2.20,6709092.142,246123.372,27.198,15,24.998
Sa,2.40,6709092.142,246123.372,27.198,15,24.798000000000002
Sa,2.60,6709092.142,246123.372,27.198,15,24.598
Sa,2.80,6709092.142,246123.372,27.198,15,24.398
Sa,3.00,6709092.142,246123.372,27.198,15,24.198
Sa,3.20,6709092.142,246123.372,27.198,15,23.998
Sa,3.40,6709092.142,246123.372,27.198,15,23.798000000000002
Sa,3.60,6709092.142,246123.372,27.198,15,23.598
Sa,3.80,6709092.142,246123.372,27.198,15,23.398
Sa,4.00,6709092.142,246123.372,27.198,15,23.198
Sa,4.20,6709092.142,246123.372,27.198,15,22.998
Sa,4.40,6709092.142,246123.372,27.198,15,22.798000000000002
Sa,4.60,6709092.142,246123.372,27.198,15,22.598
Sa,4.80,6709092.142,246123.372,27.198,15,22.398
Sa,5.00,6709092.142,246123.372,27.198,15,22.198
Sa,5.20,6709092.142,246123.372,27.198,15,21.998
Sa,5.40,6709092.142,246123.372,27.198,15,21.798000000000002
Sa,5.60,6709092.142,246123.372,27.198,15,21.598
Sa,5.80,6709092.142,246123.372,27.198,15,21.398
Sa,6.00,6709092.142,246123.372,27.198,15,21.198
Sa,6.20,6709092.142,246123.372,27.198,15,20.998
Sa,6.40,6709092.142,246123.372,27.198,15,20.798000000000002
Sa,6.60,6709092.142,246123.372,27.198,15,20.598
Sa,6.80,6709092.142,246123.372,27.198,15,20.398
Sa,7.00,6709092.142,246123.372,27.198,15,20.198
Sa,7.20,6709092.142,246123.372,27.198,15,19.998
Sa,7.40,6709092.142,246123.372,27.198,15,19.798000000000002
Sa,7.60,6709092.142,246123.372,27.198,15,19.598
Sa,7.80,6709092.142,246123.372,27.198,15,19.398
Sa,8.00,6709092.142,246123.372,27.198,15,19.198
Sa,8.20,6709092.142,246123.372,27.198,15,18.998
Sa,8.40,6709092.142,246123.372,27.198,15,18.798000000000002
Sa,8.60,6709092.142,246123.372,27.198,15,18.598
Sa,8.80,6709092.142,246123.372,27.198,15,18.398
Sa,9.00,6709092.142,246123.372,27.198,15,18.198
Sa,9.20,6709092.142,246123.372,27.198,15,17.998
Sa,9.40,6709092.142,246123.372,27.198,15,17.798000000000002
Sa,9.60,6709092.142,246123.372,27.198,15,17.598
Sa,0.40,6709315.971,247729.254,45.503,15,45.103
Ki,0.84,6709315.971,247729.254,45.503,15,44.663
Sa,000.20,6709064.206,246106.398,27.18,16,26.98
Sr,009.40,6709064.206,246106.398,27.18,16,17.78
Hk,011.00,6709064.206,246106.398,27.18,16,16.18
Mr,012.80,6709064.206,246106.398,27.18,16,14.379999999999999
Mr,019.72,6709064.206,246106.398,27.18,16,7.460000000000001
Sa,0.40,6709157.257,246177.529,26.701,16,26.301000000000002
Sa,0.60,6709157.257,246177.529,26.701,16,26.101
Sa,0.80,6709157.257,246177.529,26.701,16,25.901
Sa,1.00,6709157.257,246177.529,26.701,16,25.701
Sa,1.20,6709157.257,246177.529,26.701,16,25.501
Sa,1.40,6709157.257,246177.529,26.701,16,25.301000000000002
Sa,1.60,6709157.257,246177.529,26.701,16,25.101
Sa,1.80,6709157.257,246177.529,26.701,16,24.901
Sa,2.00,6709157.257,246177.529,26.701,16,24.701
Sa,2.20,6709157.257,246177.529,26.701,16,24.501
Sa,2.40,6709157.257,246177.529,26.701,16,24.301000000000002
Sa,2.60,6709157.257,246177.529,26.701,16,24.101
Sa,2.80,6709157.257,246177.529,26.701,16,23.901
Sa,3.00,6709157.257,246177.529,26.701,16,23.701
Sa,3.20,6709157.257,246177.529,26.701,16,23.501
Sa,3.40,6709157.257,246177.529,26.701,16,23.301000000000002
Sa,3.60,6709157.257,246177.529,26.701,16,23.101
Sa,3.80,6709157.257,246177.529,26.701,16,22.901
Sa,4.00,6709157.257,246177.529,26.701,16,22.701
Sa,4.20,6709157.257,246177.529,26.701,16,22.501
Sa,4.40,6709157.257,246177.529,26.701,16,22.301000000000002
Sa,4.60,6709157.257,246177.529,26.701,16,22.101
Sa,4.80,6709157.257,246177.529,26.701,16,21.901
Sa,5.00,6709157.257,246177.529,26.701,16,21.701
Sa,5.20,6709157.257,246177.529,26.701,16,21.501
Sa,5.40,6709157.257,246177.529,26.701,16,21.301000000000002
Sa,5.60,6709157.257,246177.529,26.701,16,21.101
Sa,5.80,6709157.257,246177.529,26.701,16,20.901
Sa,6.00,6709157.257,246177.529,26.701,16,20.701
Sa,6.20,6709157.257,246177.529,26.701,16,20.501
Sa,6.40,6709157.257,246177.529,26.701,16,20.301000000000002
Sa,6.60,6709157.257,246177.529,26.701,16,20.101
Sa,6.80,6709157.257,246177.529,26.701,16,19.901
Sa,7.00,6709157.257,246177.529,26.701,16,19.701
Sa,7.20,6709157.257,246177.529,26.701,16,19.501
Sa,7.40,6709157.257,246177.529,26.701,16,19.301000000000002
Sa,7.60,6709157.257,246177.529,26.701,16,19.101
Sa,7.80,6709157.257,246177.529,26.701,16,18.901
Hk,000.60,6709187.715,247730.269,32.417,16,31.817
Sr,000.80,6709187.715,247730.269,32.417,16,31.617
Sa,001.00,6709187.715,247730.269,32.417,16,31.417
Sa,001.20,6709187.715,247730.269,32.417,16,31.217000000000002
Sr,001.60,6709187.715,247730.269,32.417,16,30.817
Mr,001.80,6709187.715,247730.269,32.417,16,30.617
Ki,002.00,6709187.715,247730.269,32.417,16,30.417
Mr,002.67,6709187.715,247730.269,32.417,16,29.747
Sa,0.40,6709012.163,246158.963,27.022,17,26.622
Sa,0.60,6709012.163,246158.963,27.022,17,26.421999999999997
Sa,0.80,6709012.163,246158.963,27.022,17,26.221999999999998
Sa,1.00,6709012.163,246158.963,27.022,17,26.022
Sa,1.20,6709012.163,246158.963,27.022,17,25.822
Sa,1.40,6709012.163,246158.963,27.022,17,25.622
Sa,1.60,6709012.163,246158.963,27.022,17,25.421999999999997
Sa,1.80,6709012.163,246158.963,27.022,17,25.221999999999998
Sa,2.00,6709012.163,246158.963,27.022,17,25.022
Sa,2.20,6709012.163,246158.963,27.022,17,24.822
Sa,000.20,6709101.303,246097.816,27.225,17,27.025000000000002
Mr,010.80,6709101.303,246097.816,27.225,17,16.425
Mr,018.13,6709101.303,246097.816,27.225,17,9.095000000000002
Sa,000.40,6709195.473,247689.899,32.291,17,31.891
Sr,001.20,6709195.473,247689.899,32.291,17,31.090999999999998
Sa,001.40,6709195.473,247689.899,32.291,17,30.891
Mr,001.60,6709195.473,247689.899,32.291,17,30.690999999999995
Mr,001.80,6709195.473,247689.899,32.291,17,30.490999999999996
Ki,002.12,6709195.473,247689.899,32.291,17,30.170999999999996
Mr,002.33,6709195.473,247689.899,32.291,17,29.961
Sa,0.40,6709064.961,246211.186,26.433,18,26.033
Sa,0.60,6709064.961,246211.186,26.433,18,25.833
Sa,0.80,6709064.961,246211.186,26.433,18,25.633
Sa,1.00,6709064.961,246211.186,26.433,18,25.433
Sa,1.20,6709064.961,246211.186,26.433,18,25.233
Sa,1.40,6709064.961,246211.186,26.433,18,25.033
Sa,1.60,6709064.961,246211.186,26.433,18,24.833
Sa,1.80,6709064.961,246211.186,26.433,18,24.633
Sa,2.00,6709064.961,246211.186,26.433,18,24.433
Sa,2.20,6709064.961,246211.186,26.433,18,24.233
Sa,2.40,6709064.961,246211.186,26.433,18,24.033
Sa,2.60,6709064.961,246211.186,26.433,18,23.833
Sa,2.80,6709064.961,246211.186,26.433,18,23.633
Sa,3.00,6709064.961,246211.186,26.433,18,23.433
Sa,3.20,6709064.961,246211.186,26.433,18,23.233
Sa,3.40,6709064.961,246211.186,26.433,18,23.033
Sa,3.60,6709064.961,246211.186,26.433,18,22.833
Sa,3.80,6709064.961,246211.186,26.433,18,22.633
Sa,4.00,6709064.961,246211.186,26.433,18,22.433
Sa,4.20,6709064.961,246211.186,26.433,18,22.233
Sa,4.40,6709064.961,246211.186,26.433,18,22.033
Sa,4.60,6709064.961,246211.186,26.433,18,21.833
Sa,4.80,6709064.961,246211.186,26.433,18,21.633
Sa,5.00,6709064.961,246211.186,26.433,18,21.433
Sa,001.20,6709148.326,246125.079,27.534,18,26.334
Sr,010.60,6709148.326,246125.079,27.534,18,16.933999999999997
Hk,011.80,6709148.326,246125.079,27.534,18,15.733999999999998
Sr,013.60,6709148.326,246125.079,27.534,18,13.934
Hk,014.00,6709148.326,246125.079,27.534,18,13.533999999999999
Mr,016.00,6709148.326,246125.079,27.534,18,11.533999999999999
Ki,000.68,6709213.837,247671.235,34.329,18,33.649
Srmr,000.94,6709213.837,247671.235,34.329,18,33.389
Sa,001.14,6709213.837,247671.235,34.329,18,33.189
Sa,001.54,6709213.837,247671.235,34.329,18,32.789
Mr,001.74,6709213.837,247671.235,34.329,18,32.589
Ki,001.83,6709213.837,247671.235,34.329,18,32.499
Mr,002.10,6709213.837,247671.235,34.329,18,32.229
Sa,0.40,6709120.785,246252.1,26.301,19,25.901
Sa,0.60,6709120.785,246252.1,26.301,19,25.700999999999997
Sa,0.80,6709120.785,246252.1,26.301,19,25.500999999999998
Sa,1.00,6709120.785,246252.1,26.301,19,25.301
Sa,1.20,6709120.785,246252.1,26.301,19,25.101
Sa,1.40,6709120.785,246252.1,26.301,19,24.901
Sa,1.60,6709120.785,246252.1,26.301,19,24.700999999999997
Sa,1.80,6709120.785,246252.1,26.301,19,24.500999999999998
Sa,2.00,6709120.785,246252.1,26.301,19,24.301
Sa,2.20,6709120.785,246252.1,26.301,19,24.101
Sa,2.40,6709120.785,246252.1,26.301,19,23.901
Sa,2.60,6709120.785,246252.1,26.301,19,23.700999999999997
Sa,2.80,6709120.785,246252.1,26.301,19,23.500999999999998
Sa,3.00,6709120.785,246252.1,26.301,19,23.301
Sa,3.20,6709120.785,246252.1,26.301,19,23.101
Sa,3.40,6709120.785,246252.1,26.301,19,22.901
Sa,3.60,6709120.785,246252.1,26.301,19,22.700999999999997
Sa,3.80,6709120.785,246252.1,26.301,19,22.500999999999998
Sa,4.00,6709120.785,246252.1,26.301,19,22.301
Sa,4.20,6709120.785,246252.1,26.301,19,22.101
Sa,4.40,6709120.785,246252.1,26.301,19,21.900999999999996
Sa,4.60,6709120.785,246252.1,26.301,19,21.701
Sa,4.80,6709120.785,246252.1,26.301,19,21.500999999999998
Sa,5.00,6709120.785,246252.1,26.301,19,21.301
Sa,5.20,6709120.785,246252.1,26.301,19,21.101
Sa,5.40,6709120.785,246252.1,26.301,19,20.900999999999996
Sa,5.60,6709120.785,246252.1,26.301,19,20.701
Sa,5.80,6709120.785,246252.1,26.301,19,20.500999999999998
Sa,6.00,6709120.785,246252.1,26.301,19,20.301
Sa,6.20,6709120.785,246252.1,26.301,19,20.101
Sa,6.40,6709120.785,246252.1,26.301,19,19.900999999999996
Sa,6.60,6709120.785,246252.1,26.301,19,19.701
Sa,6.80,6709120.785,246252.1,26.301,19,19.500999999999998
Sa,7.40,6709120.785,246252.1,26.301,19,18.900999999999996
Sa,7.60,6709120.785,246252.1,26.301,19,18.701
Sa,7.80,6709120.785,246252.1,26.301,19,18.500999999999998
Sa,8.00,6709120.785,246252.1,26.301,19,18.301
Sa,8.20,6709120.785,246252.1,26.301,19,18.101
Sa,8.40,6709120.785,246252.1,26.301,19,17.900999999999996
Sa,8.60,6709120.785,246252.1,26.301,19,17.701
Sa,8.80,6709120.785,246252.1,26.301,19,17.500999999999998
Sa,9.00,6709120.785,246252.1,26.301,19,17.301
Sa,9.20,6709120.785,246252.1,26.301,19,17.101
Sa,9.40,6709120.785,246252.1,26.301,19,16.900999999999996
Sa,9.60,6709120.785,246252.1,26.301,19,16.701
Sa,9.80,6709120.785,246252.1,26.301,19,16.500999999999998
Sa,10.00,6709120.785,246252.1,26.301,19,16.301
Sa,10.20,6709120.785,246252.1,26.301,19,16.101
Sa,10.40,6709120.785,246252.1,26.301,19,15.900999999999998
Sa,10.60,6709120.785,246252.1,26.301,19,15.700999999999999
Sa,10.80,6709120.785,246252.1,26.301,19,15.500999999999998
Sa,11.00,6709120.785,246252.1,26.301,19,15.300999999999998
Sa,11.20,6709120.785,246252.1,26.301,19,15.100999999999999
Sa,11.40,6709120.785,246252.1,26.301,19,14.900999999999998
Sa,11.60,6709120.785,246252.1,26.301,19,14.700999999999999
Sa,11.80,6709120.785,246252.1,26.301,19,14.500999999999998
Sa,12.00,6709120.785,246252.1,26.301,19,14.300999999999998
Sa,12.20,6709120.785,246252.1,26.301,19,14.100999999999999
Sa,000.20,6709179.506,246092.684,28.245,19,28.045
Mr,003.92,6709179.506,246092.684,28.245,19,24.325000000000003
Mr,004.48,6709179.506,246092.684,28.245,19,23.765
Mr,005.75,6709179.506,246092.684,28.245,19,22.495
Sr,000.40,6709245.457,247645.972,36.395,19,35.995000000000005
Ki,000.59,6709245.457,247645.972,36.395,19,35.805
Srmr,000.74,6709245.457,247645.972,36.395,19,35.655
Sa,0.40,6709047.564,246279.023,26.411,20,26.011000000000003
Sa,0.60,6709047.564,246279.023,26.411,20,25.811
Sa,0.80,6709047.564,246279.023,26.411,20,25.611
Sa,1.00,6709047.564,246279.023,26.411,20,25.411
Sa,1.20,6709047.564,246279.023,26.411,20,25.211000000000002
Sa,1.40,6709047.564,246279.023,26.411,20,25.011000000000003
Sa,1.60,6709047.564,246279.023,26.411,20,24.811
Sa,1.80,6709047.564,246279.023,26.411,20,24.611
Sa,2.00,6709047.564,246279.023,26.411,20,24.411
Sa,2.20,6709047.564,246279.023,26.411,20,24.211000000000002
Sa,2.40,6709047.564,246279.023,26.411,20,24.011000000000003
Sa,2.60,6709047.564,246279.023,26.411,20,23.811
Sa,2.80,6709047.564,246279.023,26.411,20,23.611
Sa,3.00,6709047.564,246279.023,26.411,20,23.411
Sa,3.20,6709047.564,246279.023,26.411,20,23.211000000000002
Sa,3.40,6709047.564,246279.023,26.411,20,23.011000000000003
Sa,3.60,6709047.564,246279.023,26.411,20,22.811
Sa,3.80,6709047.564,246279.023,26.411,20,22.611
Sa,4.00,6709047.564,246279.023,26.411,20,22.411
Sa,4.20,6709047.564,246279.023,26.411,20,22.211000000000002
Sa,4.40,6709047.564,246279.023,26.411,20,22.011000000000003
Sa,4.60,6709047.564,246279.023,26.411,20,21.811
Sa,4.80,6709047.564,246279.023,26.411,20,21.611
Sa,5.00,6709047.564,246279.023,26.411,20,21.411
Sa,5.20,6709047.564,246279.023,26.411,20,21.211000000000002
Sa,5.40,6709047.564,246279.023,26.411,20,21.011000000000003
Sa,5.60,6709047.564,246279.023,26.411,20,20.811
Sa,5.80,6709047.564,246279.023,26.411,20,20.611
Sa,6.00,6709047.564,246279.023,26.411,20,20.411
Sa,6.20,6709047.564,246279.023,26.411,20,20.211000000000002
Sa,6.40,6709047.564,246279.023,26.411,20,20.011000000000003
Sa,6.60,6709047.564,246279.023,26.411,20,19.811
Sa,6.80,6709047.564,246279.023,26.411,20,19.611
Sa,7.00,6709047.564,246279.023,26.411,20,19.411
Sa,7.20,6709047.564,246279.023,26.411,20,19.211000000000002
Sa,7.40,6709047.564,246279.023,26.411,20,19.011000000000003
Sa,7.60,6709047.564,246279.023,26.411,20,18.811
Sa,7.80,6709047.564,246279.023,26.411,20,18.611
Sa,8.00,6709047.564,246279.023,26.411,20,18.411
Sa,8.20,6709047.564,246279.023,26.411,20,18.211000000000002
Sa,8.40,6709047.564,246279.023,26.411,20,18.011000000000003
Sa,8.60,6709047.564,246279.023,26.411,20,17.811
Sa,8.80,6709047.564,246279.023,26.411,20,17.611
Sa,9.00,6709047.564,246279.023,26.411,20,17.411
Sa,9.20,6709047.564,246279.023,26.411,20,17.211000000000002
Sa,000.20,6709249.458,246089.461,29.753,20,29.553
Mr,007.80,6709249.458,246089.461,29.753,20,21.953
Mr,009.76,6709249.458,246089.461,29.753,20,19.993000000000002
Mr,000.80,6709267.898,247631.137,35.859,20,35.059000000000005
Ki,000.90,6709267.898,247631.137,35.859,20,34.959
Srmr,001.94,6709267.898,247631.137,35.859,20,33.919000000000004
Sa,0.40,6709133.62,246343.548,25.892,21,25.492
Sa,0.60,6709133.62,246343.548,25.892,21,25.291999999999998
Sa,0.80,6709133.62,246343.548,25.892,21,25.092
Sa,1.00,6709133.62,246343.548,25.892,21,24.892
Sa,1.20,6709133.62,246343.548,25.892,21,24.692
Sa,1.40,6709133.62,246343.548,25.892,21,24.492
Sa,1.60,6709133.62,246343.548,25.892,21,24.291999999999998
Sa,1.80,6709133.62,246343.548,25.892,21,24.092
Sa,2.00,6709133.62,246343.548,25.892,21,23.892
Sa,2.20,6709133.62,246343.548,25.892,21,23.692
Sa,2.40,6709133.62,246343.548,25.892,21,23.492
Sa,2.60,6709133.62,246343.548,25.892,21,23.291999999999998
Sa,2.80,6709133.62,246343.548,25.892,21,23.092
Sa,3.00,6709133.62,246343.548,25.892,21,22.892
Sa,3.20,6709133.62,246343.548,25.892,21,22.692
Sa,3.40,6709133.62,246343.548,25.892,21,22.492
Sa,3.60,6709133.62,246343.548,25.892,21,22.291999999999998
Sa,3.80,6709133.62,246343.548,25.892,21,22.092
Sa,4.00,6709133.62,246343.548,25.892,21,21.892
Sa,4.20,6709133.62,246343.548,25.892,21,21.692
Sa,4.40,6709133.62,246343.548,25.892,21,21.491999999999997
Sa,4.60,6709133.62,246343.548,25.892,21,21.292
Sa,4.80,6709133.62,246343.548,25.892,21,21.092
Sa,5.00,6709133.62,246343.548,25.892,21,20.892
Sa,5.20,6709133.62,246343.548,25.892,21,20.692
Sa,5.40,6709133.62,246343.548,25.892,21,20.491999999999997
Sa,5.60,6709133.62,246343.548,25.892,21,20.292
Sa,5.80,6709133.62,246343.548,25.892,21,20.092
Sa,6.00,6709133.62,246343.548,25.892,21,19.892
Sa,6.20,6709133.62,246343.548,25.892,21,19.692
Sa,6.40,6709133.62,246343.548,25.892,21,19.491999999999997
Sa,6.60,6709133.62,246343.548,25.892,21,19.292
Sa,6.80,6709133.62,246343.548,25.892,21,19.092
Sa,7.00,6709133.62,246343.548,25.892,21,18.892
Sa,7.20,6709133.62,246343.548,25.892,21,18.692
Sa,7.40,6709133.62,246343.548,25.892,21,18.491999999999997
Sa,7.60,6709133.62,246343.548,25.892,21,18.292
Sa,7.80,6709133.62,246343.548,25.892,21,18.092
Sa,8.00,6709133.62,246343.548,25.892,21,17.892
Sa,8.20,6709133.62,246343.548,25.892,21,17.692
Sa,8.40,6709133.62,246343.548,25.892,21,17.491999999999997
Sa,8.60,6709133.62,246343.548,25.892,21,17.292
Sa,8.80,6709133.62,246343.548,25.892,21,17.092
Sa,9.00,6709133.62,246343.548,25.892,21,16.892
Sa,9.20,6709133.62,246343.548,25.892,21,16.692
Sa,9.40,6709133.62,246343.548,25.892,21,16.491999999999997
Sa,9.60,6709133.62,246343.548,25.892,21,16.292
Sa,9.80,6709133.62,246343.548,25.892,21,16.092
Sa,10.00,6709133.62,246343.548,25.892,21,15.892
Sa,10.20,6709133.62,246343.548,25.892,21,15.692
Sa,10.40,6709133.62,246343.548,25.892,21,15.491999999999999
Sa,10.60,6709133.62,246343.548,25.892,21,15.292
Sa,10.80,6709133.62,246343.548,25.892,21,15.091999999999999
Sa,11.00,6709133.62,246343.548,25.892,21,14.892
Sa,11.20,6709133.62,246343.548,25.892,21,14.692
Sa,11.40,6709133.62,246343.548,25.892,21,14.491999999999999
Sa,11.60,6709133.62,246343.548,25.892,21,14.292
Sa,11.80,6709133.62,246343.548,25.892,21,14.091999999999999
Sa,12.00,6709133.62,246343.548,25.892,21,13.892
Sa,12.20,6709133.62,246343.548,25.892,21,13.692
Sa,12.40,6709133.62,246343.548,25.892,21,13.491999999999999
Sa,12.60,6709133.62,246343.548,25.892,21,13.292
Sa,12.80,6709133.62,246343.548,25.892,21,13.091999999999999
Sa,13.00,6709133.62,246343.548,25.892,21,12.892
Sa,13.20,6709133.62,246343.548,25.892,21,12.692
Sa,13.40,6709133.62,246343.548,25.892,21,12.491999999999999
Sa,13.60,6709133.62,246343.548,25.892,21,12.292
Sa,13.80,6709133.62,246343.548,25.892,21,12.091999999999999
Sa,14.00,6709133.62,246343.548,25.892,21,11.892
Sa,14.20,6709133.62,246343.548,25.892,21,11.692
Sa,14.40,6709133.62,246343.548,25.892,21,11.491999999999999
Sa,14.60,6709133.62,246343.548,25.892,21,11.292
Sa,14.80,6709133.62,246343.548,25.892,21,11.091999999999999
Sa,15.00,6709133.62,246343.548,25.892,21,10.892
Sa,15.20,6709133.62,246343.548,25.892,21,10.692
Sa,15.40,6709133.62,246343.548,25.892,21,10.491999999999999
Sa,15.60,6709133.62,246343.548,25.892,21,10.292
Sa,15.80,6709133.62,246343.548,25.892,21,10.091999999999999
Sa,16.00,6709133.62,246343.548,25.892,21,9.892
Sa,16.20,6709133.62,246343.548,25.892,21,9.692
Sa,16.40,6709133.62,246343.548,25.892,21,9.492
Sa,16.60,6709133.62,246343.548,25.892,21,9.291999999999998
Sa,000.20,6709230.243,246147.815,27.965,21,27.765
Hk,005.60,6709230.243,246147.815,27.965,21,22.365000000000002
Sa,005.80,6709230.243,246147.815,27.965,21,22.165
Sr,007.00,6709230.243,246147.815,27.965,21,20.965
Mr,009.20,6709230.243,246147.815,27.965,21,18.765
Mr,012.17,6709230.243,246147.815,27.965,21,15.795
Srmr,000.40,6709270.593,247596.51,33.589,21,33.189
Ki,000.45,6709270.593,247596.51,33.589,21,33.138999999999996
Srmr,000.89,6709270.593,247596.51,33.589,21,32.699
Sa,0.40,6709195.269,246374.911,25.644,22,25.244
Sa,0.60,6709195.269,246374.911,25.644,22,25.043999999999997
Sa,0.80,6709195.269,246374.911,25.644,22,24.843999999999998
Sa,1.00,6709195.269,246374.911,25.644,22,24.644
Sa,1.20,6709195.269,246374.911,25.644,22,24.444
Sa,1.40,6709195.269,246374.911,25.644,22,24.244
Sa,1.60,6709195.269,246374.911,25.644,22,24.043999999999997
Sa,1.80,6709195.269,246374.911,25.644,22,23.843999999999998
Sa,2.00,6709195.269,246374.911,25.644,22,23.644
Sa,2.20,6709195.269,246374.911,25.644,22,23.444
Sa,2.40,6709195.269,246374.911,25.644,22,23.244
Sa,2.60,6709195.269,246374.911,25.644,22,23.043999999999997
Sa,2.80,6709195.269,246374.911,25.644,22,22.843999999999998
Sa,3.00,6709195.269,246374.911,25.644,22,22.644
Sa,3.20,6709195.269,246374.911,25.644,22,22.444
Sa,3.40,6709195.269,246374.911,25.644,22,22.244
Sa,3.60,6709195.269,246374.911,25.644,22,22.043999999999997
Sa,3.80,6709195.269,246374.911,25.644,22,21.843999999999998
Sa,4.00,6709195.269,246374.911,25.644,22,21.644
Sa,4.20,6709195.269,246374.911,25.644,22,21.444
Sa,4.40,6709195.269,246374.911,25.644,22,21.244
Sa,4.60,6709195.269,246374.911,25.644,22,21.043999999999997
Sa,4.80,6709195.269,246374.911,25.644,22,20.843999999999998
Sa,5.00,6709195.269,246374.911,25.644,22,20.644
Sa,5.20,6709195.269,246374.911,25.644,22,20.444
Sa,5.40,6709195.269,246374.911,25.644,22,20.244
Sa,5.60,6709195.269,246374.911,25.644,22,20.043999999999997
Sa,5.80,6709195.269,246374.911,25.644,22,19.843999999999998
Sa,6.00,6709195.269,246374.911,25.644,22,19.644
Sa,6.20,6709195.269,246374.911,25.644,22,19.444
Sa,6.40,6709195.269,246374.911,25.644,22,19.244
Sa,6.60,6709195.269,246374.911,25.644,22,19.043999999999997
Sa,6.80,6709195.269,246374.911,25.644,22,18.843999999999998
Sa,7.00,6709195.269,246374.911,25.644,22,18.644
Sa,7.20,6709195.269,246374.911,25.644,22,18.444
Sa,7.40,6709195.269,246374.911,25.644,22,18.244
Sa,7.60,6709195.269,246374.911,25.644,22,18.043999999999997
Sa,7.80,6709195.269,246374.911,25.644,22,17.843999999999998
Sa,8.00,6709195.269,246374.911,25.644,22,17.644
Sa,8.20,6709195.269,246374.911,25.644,22,17.444
Sa,8.40,6709195.269,246374.911,25.644,22,17.244
Sa,8.60,6709195.269,246374.911,25.644,22,17.043999999999997
Sa,8.80,6709195.269,246374.911,25.644,22,16.843999999999998
Sa,9.00,6709195.269,246374.911,25.644,22,16.644
Sa,9.20,6709195.269,246374.911,25.644,22,16.444
Sa,9.40,6709195.269,246374.911,25.644,22,16.244
Sa,9.60,6709195.269,246374.911,25.644,22,16.043999999999997
Sa,9.80,6709195.269,246374.911,25.644,22,15.843999999999998
Sa,10.00,6709195.269,246374.911,25.644,22,15.643999999999998
Sa,10.20,6709195.269,246374.911,25.644,22,15.443999999999999
Sa,10.40,6709195.269,246374.911,25.644,22,15.243999999999998
Sa,10.60,6709195.269,246374.911,25.644,22,15.043999999999999
Sa,10.80,6709195.269,246374.911,25.644,22,14.843999999999998
Sa,11.00,6709195.269,246374.911,25.644,22,14.643999999999998
Sa,11.20,6709195.269,246374.911,25.644,22,14.443999999999999
Sa,11.40,6709195.269,246374.911,25.644,22,14.243999999999998
Sa,11.60,6709195.269,246374.911,25.644,22,14.043999999999999
Sa,11.80,6709195.269,246374.911,25.644,22,13.843999999999998
Sa,12.00,6709195.269,246374.911,25.644,22,13.643999999999998
Sa,12.20,6709195.269,246374.911,25.644,22,13.443999999999999
Sa,12.40,6709195.269,246374.911,25.644,22,13.243999999999998
Sa,12.60,6709195.269,246374.911,25.644,22,13.043999999999999
Sa,12.80,6709195.269,246374.911,25.644,22,12.843999999999998
Sa,13.00,6709195.269,246374.911,25.644,22,12.643999999999998
Sa,13.20,6709195.269,246374.911,25.644,22,12.443999999999999
Sa,13.40,6709195.269,246374.911,25.644,22,12.243999999999998
Sa,13.60,6709195.269,246374.911,25.644,22,12.043999999999999
Sa,13.80,6709195.269,246374.911,25.644,22,11.843999999999998
Sa,14.00,6709195.269,246374.911,25.644,22,11.643999999999998
Sa,14.20,6709195.269,246374.911,25.644,22,11.443999999999999
Sa,14.40,6709195.269,246374.911,25.644,22,11.243999999999998
Sa,14.60,6709195.269,246374.911,25.644,22,11.043999999999999
Sa,14.80,6709195.269,246374.911,25.644,22,10.843999999999998
Sa,15.00,6709195.269,246374.911,25.644,22,10.643999999999998
Sa,15.20,6709195.269,246374.911,25.644,22,10.443999999999999
Sa,15.40,6709195.269,246374.911,25.644,22,10.243999999999998
Sa,15.60,6709195.269,246374.911,25.644,22,10.043999999999999
Sa,15.80,6709195.269,246374.911,25.644,22,9.843999999999998
Sa,16.00,6709195.269,246374.911,25.644,22,9.643999999999998
Sa,16.20,6709195.269,246374.911,25.644,22,9.443999999999999
Sa,16.40,6709195.269,246374.911,25.644,22,9.244
Sa,16.60,6709195.269,246374.911,25.644,22,9.043999999999997
Sa,16.80,6709195.269,246374.911,25.644,22,8.843999999999998
Sa,17.00,6709195.269,246374.911,25.644,22,8.643999999999998
Sa,17.20,6709195.269,246374.911,25.644,22,8.443999999999999
Sa,17.40,6709195.269,246374.911,25.644,22,8.244
Sa,17.60,6709195.269,246374.911,25.644,22,8.043999999999997
Sa,17.80,6709195.269,246374.911,25.644,22,7.843999999999998
Sa,18.00,6709195.269,246374.911,25.644,22,7.643999999999998
Sa,18.20,6709195.269,246374.911,25.644,22,7.443999999999999
Sa,18.40,6709195.269,246374.911,25.644,22,7.244
Sa,18.60,6709195.269,246374.911,25.644,22,7.043999999999997
Sa,18.80,6709195.269,246374.911,25.644,22,6.843999999999998
Sa,19.00,6709195.269,246374.911,25.644,22,6.643999999999998
Sa,19.20,6709195.269,246374.911,25.644,22,6.443999999999999
Sa,19.40,6709195.269,246374.911,25.644,22,6.244
Sa,19.60,6709195.269,246374.911,25.644,22,6.043999999999997
Sa,19.80,6709195.269,246374.911,25.644,22,5.843999999999998
Sa,20.00,6709195.269,246374.911,25.644,22,5.643999999999998
Sa,20.20,6709195.269,246374.911,25.644,22,5.443999999999999
Sa,20.40,6709195.269,246374.911,25.644,22,5.244
Sa,000.80,6709272.244,247563.505,30.852,22,30.052
Sa,001.00,6709272.244,247563.505,30.852,22,29.852
Mr,001.40,6709272.244,247563.505,30.852,22,29.452
Ki,001.48,6709272.244,247563.505,30.852,22,29.372
Mr,002.12,6709272.244,247563.505,30.852,22,28.732
Sa,000.40,6709299.81,246165.99,29.543,22,29.143
Mr,004.64,6709299.81,246165.99,29.543,22,24.903
Sa,0.40,6709122.074,246408.925,25.445,23,25.045
Sa,0.60,6709122.074,246408.925,25.445,23,24.845
Sa,0.80,6709122.074,246408.925,25.445,23,24.645
Sa,1.00,6709122.074,246408.925,25.445,23,24.445
Sa,1.20,6709122.074,246408.925,25.445,23,24.245
Sa,1.40,6709122.074,246408.925,25.445,23,24.045
Sa,1.60,6709122.074,246408.925,25.445,23,23.845
Sa,1.80,6709122.074,246408.925,25.445,23,23.645
Sa,2.00,6709122.074,246408.925,25.445,23,23.445
Sa,2.20,6709122.074,246408.925,25.445,23,23.245
Sa,2.40,6709122.074,246408.925,25.445,23,23.045
Sa,2.60,6709122.074,246408.925,25.445,23,22.845
Sa,2.80,6709122.074,246408.925,25.445,23,22.645
Sa,3.00,6709122.074,246408.925,25.445,23,22.445
Sa,3.20,6709122.074,246408.925,25.445,23,22.245
Sa,3.40,6709122.074,246408.925,25.445,23,22.045
Sa,3.60,6709122.074,246408.925,25.445,23,21.845
Sa,3.80,6709122.074,246408.925,25.445,23,21.645
Sa,4.00,6709122.074,246408.925,25.445,23,21.445
Sa,4.20,6709122.074,246408.925,25.445,23,21.245
Sa,4.40,6709122.074,246408.925,25.445,23,21.045
Sa,4.60,6709122.074,246408.925,25.445,23,20.845
Sa,4.80,6709122.074,246408.925,25.445,23,20.645
Sa,5.00,6709122.074,246408.925,25.445,23,20.445
Sa,5.20,6709122.074,246408.925,25.445,23,20.245
Sa,5.40,6709122.074,246408.925,25.445,23,20.045
Sa,5.60,6709122.074,246408.925,25.445,23,19.845
Sa,5.80,6709122.074,246408.925,25.445,23,19.645
Sa,6.00,6709122.074,246408.925,25.445,23,19.445
Sa,6.20,6709122.074,246408.925,25.445,23,19.245
Sa,6.40,6709122.074,246408.925,25.445,23,19.045
Sa,6.60,6709122.074,246408.925,25.445,23,18.845
Sa,6.80,6709122.074,246408.925,25.445,23,18.645
Sa,7.00,6709122.074,246408.925,25.445,23,18.445
Sa,7.20,6709122.074,246408.925,25.445,23,18.245
Sa,7.40,6709122.074,246408.925,25.445,23,18.045
Sa,7.60,6709122.074,246408.925,25.445,23,17.845
Sa,7.80,6709122.074,246408.925,25.445,23,17.645
Sa,8.00,6709122.074,246408.925,25.445,23,17.445
Sa,8.20,6709122.074,246408.925,25.445,23,17.245
Sa,8.40,6709122.074,246408.925,25.445,23,17.045
Sa,8.60,6709122.074,246408.925,25.445,23,16.845
Sa,8.80,6709122.074,246408.925,25.445,23,16.645
Sa,9.00,6709122.074,246408.925,25.445,23,16.445
Sa,9.20,6709122.074,246408.925,25.445,23,16.245
Sa,9.40,6709122.074,246408.925,25.445,23,16.045
Sa,9.60,6709122.074,246408.925,25.445,23,15.845
Sa,9.80,6709122.074,246408.925,25.445,23,15.645
Sa,10.00,6709122.074,246408.925,25.445,23,15.445
Sa,10.20,6709122.074,246408.925,25.445,23,15.245000000000001
Sa,10.40,6709122.074,246408.925,25.445,23,15.045
Sa,10.60,6709122.074,246408.925,25.445,23,14.845
Sa,10.80,6709122.074,246408.925,25.445,23,14.645
Sa,11.00,6709122.074,246408.925,25.445,23,14.445
Sa,11.20,6709122.074,246408.925,25.445,23,14.245000000000001
Sa,11.40,6709122.074,246408.925,25.445,23,14.045
Sa,11.60,6709122.074,246408.925,25.445,23,13.845
Sa,11.80,6709122.074,246408.925,25.445,23,13.645
Sa,12.00,6709122.074,246408.925,25.445,23,13.445
Sa,12.20,6709122.074,246408.925,25.445,23,13.245000000000001
Sa,12.40,6709122.074,246408.925,25.445,23,13.045
Sa,12.60,6709122.074,246408.925,25.445,23,12.845
Sa,12.80,6709122.074,246408.925,25.445,23,12.645
Sa,13.00,6709122.074,246408.925,25.445,23,12.445
Sa,13.20,6709122.074,246408.925,25.445,23,12.245000000000001
Sa,13.40,6709122.074,246408.925,25.445,23,12.045
Sa,13.60,6709122.074,246408.925,25.445,23,11.845
Sa,13.80,6709122.074,246408.925,25.445,23,11.645
Sa,14.00,6709122.074,246408.925,25.445,23,11.445
Sa,14.20,6709122.074,246408.925,25.445,23,11.245000000000001
Sa,14.40,6709122.074,246408.925,25.445,23,11.045
Sa,14.60,6709122.074,246408.925,25.445,23,10.845
Sa,14.80,6709122.074,246408.925,25.445,23,10.645
Sa,15.00,6709122.074,246408.925,25.445,23,10.445
Sa,15.20,6709122.074,246408.925,25.445,23,10.245000000000001
Sa,15.40,6709122.074,246408.925,25.445,23,10.045
Sa,15.60,6709122.074,246408.925,25.445,23,9.845
Sa,15.80,6709122.074,246408.925,25.445,23,9.645
Sa,16.00,6709122.074,246408.925,25.445,23,9.445
Sa,16.20,6709122.074,246408.925,25.445,23,9.245000000000001
Sa,16.40,6709122.074,246408.925,25.445,23,9.045000000000002
Sa,16.60,6709122.074,246408.925,25.445,23,8.844999999999999
Sa,16.80,6709122.074,246408.925,25.445,23,8.645
Sa,17.00,6709122.074,246408.925,25.445,23,8.445
Sa,17.20,6709122.074,246408.925,25.445,23,8.245000000000001
Sa,17.40,6709122.074,246408.925,25.445,23,8.045000000000002
Sa,17.60,6709122.074,246408.925,25.445,23,7.844999999999999
Sa,17.80,6709122.074,246408.925,25.445,23,7.645
Sa,18.00,6709122.074,246408.925,25.445,23,7.445
Sa,18.20,6709122.074,246408.925,25.445,23,7.245000000000001
Sa,001.00.,6709284.102,247541.387,28.351,23,
Ki,001.20,6709284.102,247541.387,28.351,23,27.151
Mr,001.59,6709284.102,247541.387,28.351,23,26.761
Sa,000.20,6709336.924,246215.556,27.25,23,27.05
Sr,018.80,6709336.924,246215.556,27.25,23,8.45
Mr,020.00,6709336.924,246215.556,27.25,23,7.25
Mr,020.21,6709336.924,246215.556,27.25,23,7.039999999999999
Mr,020.51,6709336.924,246215.556,27.25,23,6.739999999999998
Sa,0.40,6709197.317,246442.341,25.909,24,25.509
Sa,0.60,6709197.317,246442.341,25.909,24,25.308999999999997
Sa,1.00,6709197.317,246442.341,25.909,24,24.909
Sa,1.20,6709197.317,246442.341,25.909,24,24.709
Sa,1.40,6709197.317,246442.341,25.909,24,24.509
Sa,1.60,6709197.317,246442.341,25.909,24,24.308999999999997
Sa,1.80,6709197.317,246442.341,25.909,24,24.108999999999998
Sa,2.00,6709197.317,246442.341,25.909,24,23.909
Sa,2.20,6709197.317,246442.341,25.909,24,23.709
Sa,2.40,6709197.317,246442.341,25.909,24,23.509
Sa,2.60,6709197.317,246442.341,25.909,24,23.308999999999997
Sa,2.80,6709197.317,246442.341,25.909,24,23.108999999999998
Sa,3.00,6709197.317,246442.341,25.909,24,22.909
Sa,3.20,6709197.317,246442.341,25.909,24,22.709
Sa,3.40,6709197.317,246442.341,25.909,24,22.509
Sa,3.60,6709197.317,246442.341,25.909,24,22.308999999999997
Sa,3.80,6709197.317,246442.341,25.909,24,22.108999999999998
Sa,4.00,6709197.317,246442.341,25.909,24,21.909
Sa,4.20,6709197.317,246442.341,25.909,24,21.709
Sa,4.40,6709197.317,246442.341,25.909,24,21.509
Sa,4.60,6709197.317,246442.341,25.909,24,21.308999999999997
Sa,4.80,6709197.317,246442.341,25.909,24,21.108999999999998
Sa,5.00,6709197.317,246442.341,25.909,24,20.909
Sa,5.20,6709197.317,246442.341,25.909,24,20.709
Sa,5.40,6709197.317,246442.341,25.909,24,20.509
Sa,5.60,6709197.317,246442.341,25.909,24,20.308999999999997
Sa,5.80,6709197.317,246442.341,25.909,24,20.108999999999998
Sa,6.00,6709197.317,246442.341,25.909,24,19.909
Sa,6.20,6709197.317,246442.341,25.909,24,19.709
Sa,6.40,6709197.317,246442.341,25.909,24,19.509
Sa,6.60,6709197.317,246442.341,25.909,24,19.308999999999997
Sa,6.80,6709197.317,246442.341,25.909,24,19.108999999999998
Sa,7.00,6709197.317,246442.341,25.909,24,18.909
Sa,7.20,6709197.317,246442.341,25.909,24,18.709
Sa,7.40,6709197.317,246442.341,25.909,24,18.509
Sa,7.60,6709197.317,246442.341,25.909,24,18.308999999999997
Sa,7.80,6709197.317,246442.341,25.909,24,18.108999999999998
Sa,8.00,6709197.317,246442.341,25.909,24,17.909
Sa,8.20,6709197.317,246442.341,25.909,24,17.709
Sa,8.40,6709197.317,246442.341,25.909,24,17.509
Sa,8.60,6709197.317,246442.341,25.909,24,17.308999999999997
Sa,8.80,6709197.317,246442.341,25.909,24,17.108999999999998
Sa,9.00,6709197.317,246442.341,25.909,24,16.909
Sa,9.20,6709197.317,246442.341,25.909,24,16.709
Sa,9.40,6709197.317,246442.341,25.909,24,16.509
Sa,9.60,6709197.317,246442.341,25.909,24,16.308999999999997
Sa,9.80,6709197.317,246442.341,25.909,24,16.108999999999998
Sa,10.00,6709197.317,246442.341,25.909,24,15.908999999999999
Sa,10.20,6709197.317,246442.341,25.909,24,15.709
Sa,10.40,6709197.317,246442.341,25.909,24,15.508999999999999
Sa,10.60,6709197.317,246442.341,25.909,24,15.309
Sa,10.80,6709197.317,246442.341,25.909,24,15.108999999999998
Sa,11.00,6709197.317,246442.341,25.909,24,14.908999999999999
Sa,11.20,6709197.317,246442.341,25.909,24,14.709
Sa,11.40,6709197.317,246442.341,25.909,24,14.508999999999999
Sa,11.60,6709197.317,246442.341,25.909,24,14.309
Sa,11.80,6709197.317,246442.341,25.909,24,14.108999999999998
Sa,12.00,6709197.317,246442.341,25.909,24,13.908999999999999
Sa,12.20,6709197.317,246442.341,25.909,24,13.709
Sa,12.40,6709197.317,246442.341,25.909,24,13.508999999999999
Sa,12.60,6709197.317,246442.341,25.909,24,13.309
Sa,12.80,6709197.317,246442.341,25.909,24,13.108999999999998
Sa,13.00,6709197.317,246442.341,25.909,24,12.908999999999999
Sa,13.20,6709197.317,246442.341,25.909,24,12.709
Sa,13.40,6709197.317,246442.341,25.909,24,12.508999999999999
Sa,000.80,6709264.979,247532.287,28.925,24,28.125
Mr,001.20,6709264.979,247532.287,28.925,24,27.725
Ki,001.26,6709264.979,247532.287,28.925,24,27.665
Mr,001.36,6709264.979,247532.287,28.925,24,27.565
Sa,000.20,6709289.712,246252.433,26.462,24,26.262
Mr,018.56,6709289.712,246252.433,26.462,24,7.902000000000001
Sa,0.40,6709266.174,246492.332,25.698,25,25.298000000000002
Sa,0.60,6709266.174,246492.332,25.698,25,25.098
Sa,0.80,6709266.174,246492.332,25.698,25,24.898
Sa,1.00,6709266.174,246492.332,25.698,25,24.698
Sa,1.20,6709266.174,246492.332,25.698,25,24.498
Sa,1.40,6709266.174,246492.332,25.698,25,24.298000000000002
Sa,1.60,6709266.174,246492.332,25.698,25,24.098
Sa,1.80,6709266.174,246492.332,25.698,25,23.898
Sa,2.00,6709266.174,246492.332,25.698,25,23.698
Sa,2.20,6709266.174,246492.332,25.698,25,23.498
Sa,2.40,6709266.174,246492.332,25.698,25,23.298000000000002
Sa,2.60,6709266.174,246492.332,25.698,25,23.098
Sa,2.80,6709266.174,246492.332,25.698,25,22.898
Sa,3.00,6709266.174,246492.332,25.698,25,22.698
Sa,3.20,6709266.174,246492.332,25.698,25,22.498
Sa,3.40,6709266.174,246492.332,25.698,25,22.298000000000002
Sa,3.60,6709266.174,246492.332,25.698,25,22.098
Sa,3.80,6709266.174,246492.332,25.698,25,21.898
Sa,4.00,6709266.174,246492.332,25.698,25,21.698
Sa,4.20,6709266.174,246492.332,25.698,25,21.498
Sa,4.40,6709266.174,246492.332,25.698,25,21.298000000000002
Sa,4.60,6709266.174,246492.332,25.698,25,21.098
Sa,4.80,6709266.174,246492.332,25.698,25,20.898
Sa,5.00,6709266.174,246492.332,25.698,25,20.698
Sa,5.20,6709266.174,246492.332,25.698,25,20.498
Sa,5.40,6709266.174,246492.332,25.698,25,20.298000000000002
Sa,5.60,6709266.174,246492.332,25.698,25,20.098
Sa,5.80,6709266.174,246492.332,25.698,25,19.898
Sa,6.00,6709266.174,246492.332,25.698,25,19.698
Sa,6.20,6709266.174,246492.332,25.698,25,19.498
Sa,6.40,6709266.174,246492.332,25.698,25,19.298000000000002
Sa,6.60,6709266.174,246492.332,25.698,25,19.098
Sa,6.80,6709266.174,246492.332,25.698,25,18.898
Sa,7.00,6709266.174,246492.332,25.698,25,18.698
Sa,7.20,6709266.174,246492.332,25.698,25,18.498
Sa,7.40,6709266.174,246492.332,25.698,25,18.298000000000002
Sa,7.60,6709266.174,246492.332,25.698,25,18.098
Sa,7.80,6709266.174,246492.332,25.698,25,17.898
Sa,8.00,6709266.174,246492.332,25.698,25,17.698
Sa,8.20,6709266.174,246492.332,25.698,25,17.498
Sa,8.40,6709266.174,246492.332,25.698,25,17.298000000000002
Sa,8.60,6709266.174,246492.332,25.698,25,17.098
Sa,8.80,6709266.174,246492.332,25.698,25,16.898
Sa,9.00,6709266.174,246492.332,25.698,25,16.698
Sa,9.20,6709266.174,246492.332,25.698,25,16.498
Sa,9.40,6709266.174,246492.332,25.698,25,16.298000000000002
Sa,9.60,6709266.174,246492.332,25.698,25,16.098
Sa,9.80,6709266.174,246492.332,25.698,25,15.898
Sa,10.00,6709266.174,246492.332,25.698,25,15.698
Sa,10.20,6709266.174,246492.332,25.698,25,15.498000000000001
Sa,10.40,6709266.174,246492.332,25.698,25,15.298
Sa,10.60,6709266.174,246492.332,25.698,25,15.098
Sa,10.80,6709266.174,246492.332,25.698,25,14.898
Sa,11.00,6709266.174,246492.332,25.698,25,14.698
Sa,11.20,6709266.174,246492.332,25.698,25,14.498000000000001
Sa,11.40,6709266.174,246492.332,25.698,25,14.298
Sa,11.60,6709266.174,246492.332,25.698,25,14.098
Sa,11.80,6709266.174,246492.332,25.698,25,13.898
Sa,12.00,6709266.174,246492.332,25.698,25,13.698
Sa,12.20,6709266.174,246492.332,25.698,25,13.498000000000001
Sa,12.40,6709266.174,246492.332,25.698,25,13.298
Sa,12.60,6709266.174,246492.332,25.698,25,13.098
Sa,12.80,6709266.174,246492.332,25.698,25,12.898
Sa,13.00,6709266.174,246492.332,25.698,25,12.698
Sa,13.20,6709266.174,246492.332,25.698,25,12.498000000000001
Sa,13.40,6709266.174,246492.332,25.698,25,12.298
Sa,13.60,6709266.174,246492.332,25.698,25,12.098
Sa,13.80,6709266.174,246492.332,25.698,25,11.898
Sa,14.00,6709266.174,246492.332,25.698,25,11.698
Sa,14.20,6709266.174,246492.332,25.698,25,11.498000000000001
Sa,14.40,6709266.174,246492.332,25.698,25,11.298
Sa,14.60,6709266.174,246492.332,25.698,25,11.098
Sa,14.80,6709266.174,246492.332,25.698,25,10.898
Sa,15.00,6709266.174,246492.332,25.698,25,10.698
Sa,15.20,6709266.174,246492.332,25.698,25,10.498000000000001
Sa,15.40,6709266.174,246492.332,25.698,25,10.298
Sa,15.60,6709266.174,246492.332,25.698,25,10.098
Sa,15.80,6709266.174,246492.332,25.698,25,9.898
Sa,16.00,6709266.174,246492.332,25.698,25,9.698
Sa,16.20,6709266.174,246492.332,25.698,25,9.498000000000001
Sa,16.40,6709266.174,246492.332,25.698,25,9.298000000000002
Sa,16.60,6709266.174,246492.332,25.698,25,9.097999999999999
Sa,16.80,6709266.174,246492.332,25.698,25,8.898
Sa,17.00,6709266.174,246492.332,25.698,25,8.698
Sa,17.20,6709266.174,246492.332,25.698,25,8.498000000000001
Sa,17.40,6709266.174,246492.332,25.698,25,8.298000000000002
Sa,17.60,6709266.174,246492.332,25.698,25,8.097999999999999
Sa,17.80,6709266.174,246492.332,25.698,25,7.898
Sa,000.60,6709279.572,247468.96,26.702,25,26.102
Sa,010.40,6709279.572,247468.96,26.702,25,16.302
Hk,018.40,6709279.572,247468.96,26.702,25,8.302000000000003
Sa,018.60,6709279.572,247468.96,26.702,25,8.102
Sa,019.20,6709279.572,247468.96,26.702,25,7.5020000000000024
Mr,021.00,6709279.572,247468.96,26.702,25,5.702000000000002
Mr,021.20,6709279.572,247468.96,26.702,25,5.5020000000000024
Ki,021.23,6709279.572,247468.96,26.702,25,5.472000000000001
Mr,021.83,6709279.572,247468.96,26.702,25,4.872000000000003
Sa,000.20,6709360.223,246298.219,26.49,25,26.29
Mr,018.50,6709360.223,246298.219,26.49,25,7.989999999999998
Mr,019.69,6709360.223,246298.219,26.49,25,6.799999999999997
Sa,0.40,6709209.713,246544.333,25.354,26,24.954
Sa,0.60,6709209.713,246544.333,25.354,26,24.753999999999998
Sa,0.80,6709209.713,246544.333,25.354,26,24.554
Sa,1.00,6709209.713,246544.333,25.354,26,24.354
Sa,1.20,6709209.713,246544.333,25.354,26,24.154
Sa,1.40,6709209.713,246544.333,25.354,26,23.954
Sa,1.60,6709209.713,246544.333,25.354,26,23.753999999999998
Sa,1.80,6709209.713,246544.333,25.354,26,23.554
Sa,2.00,6709209.713,246544.333,25.354,26,23.354
Sa,2.20,6709209.713,246544.333,25.354,26,23.154
Sa,2.40,6709209.713,246544.333,25.354,26,22.954
Sa,2.60,6709209.713,246544.333,25.354,26,22.753999999999998
Sa,2.80,6709209.713,246544.333,25.354,26,22.554
Sa,3.00,6709209.713,246544.333,25.354,26,22.354
Sa,3.20,6709209.713,246544.333,25.354,26,22.154
Sa,3.40,6709209.713,246544.333,25.354,26,21.954
Sa,3.60,6709209.713,246544.333,25.354,26,21.753999999999998
Sa,3.80,6709209.713,246544.333,25.354,26,21.554
Sa,4.00,6709209.713,246544.333,25.354,26,21.354
Sa,4.20,6709209.713,246544.333,25.354,26,21.154
Sa,4.40,6709209.713,246544.333,25.354,26,20.954
Sa,4.60,6709209.713,246544.333,25.354,26,20.753999999999998
Sa,4.80,6709209.713,246544.333,25.354,26,20.554
Sa,5.00,6709209.713,246544.333,25.354,26,20.354
Sa,5.20,6709209.713,246544.333,25.354,26,20.154
Sa,5.40,6709209.713,246544.333,25.354,26,19.954
Sa,5.60,6709209.713,246544.333,25.354,26,19.753999999999998
Sa,5.80,6709209.713,246544.333,25.354,26,19.554
Sa,6.00,6709209.713,246544.333,25.354,26,19.354
Sa,6.20,6709209.713,246544.333,25.354,26,19.154
Sa,6.40,6709209.713,246544.333,25.354,26,18.954
Sa,6.60,6709209.713,246544.333,25.354,26,18.753999999999998
Sa,6.80,6709209.713,246544.333,25.354,26,18.554
Sa,7.00,6709209.713,246544.333,25.354,26,18.354
Sa,7.20,6709209.713,246544.333,25.354,26,18.154
Sa,7.40,6709209.713,246544.333,25.354,26,17.954
Sa,7.60,6709209.713,246544.333,25.354,26,17.753999999999998
Sa,7.80,6709209.713,246544.333,25.354,26,17.554
Sa,8.00,6709209.713,246544.333,25.354,26,17.354
Sa,8.20,6709209.713,246544.333,25.354,26,17.154
Sa,8.40,6709209.713,246544.333,25.354,26,16.954
Sa,8.60,6709209.713,246544.333,25.354,26,16.753999999999998
Sa,8.80,6709209.713,246544.333,25.354,26,16.554
Sa,9.00,6709209.713,246544.333,25.354,26,16.354
Sa,9.20,6709209.713,246544.333,25.354,26,16.154
Sa,9.40,6709209.713,246544.333,25.354,26,15.953999999999999
Sa,9.60,6709209.713,246544.333,25.354,26,15.754
Sa,9.80,6709209.713,246544.333,25.354,26,15.553999999999998
Sa,10.00,6709209.713,246544.333,25.354,26,15.354
Sa,10.20,6709209.713,246544.333,25.354,26,15.154
Sa,10.40,6709209.713,246544.333,25.354,26,14.953999999999999
Sa,10.60,6709209.713,246544.333,25.354,26,14.754
Sa,10.80,6709209.713,246544.333,25.354,26,14.553999999999998
Sa,11.00,6709209.713,246544.333,25.354,26,14.354
Sa,11.20,6709209.713,246544.333,25.354,26,14.154
Sa,11.40,6709209.713,246544.333,25.354,26,13.953999999999999
Sa,11.60,6709209.713,246544.333,25.354,26,13.754
Sa,11.80,6709209.713,246544.333,25.354,26,13.553999999999998
Sa,12.00,6709209.713,246544.333,25.354,26,13.354
Sa,12.20,6709209.713,246544.333,25.354,26,13.154
Sa,12.40,6709209.713,246544.333,25.354,26,12.953999999999999
Sa,12.60,6709209.713,246544.333,25.354,26,12.754
Sa,12.80,6709209.713,246544.333,25.354,26,12.553999999999998
Sa,13.00,6709209.713,246544.333,25.354,26,12.354
Sa,13.20,6709209.713,246544.333,25.354,26,12.154
Sa,13.40,6709209.713,246544.333,25.354,26,11.953999999999999
Sa,13.60,6709209.713,246544.333,25.354,26,11.754
Sa,13.80,6709209.713,246544.333,25.354,26,11.553999999999998
Sa,14.00,6709209.713,246544.333,25.354,26,11.354
Sa,14.20,6709209.713,246544.333,25.354,26,11.154
Sa,14.40,6709209.713,246544.333,25.354,26,10.953999999999999
Sa,14.60,6709209.713,246544.333,25.354,26,10.754
Sa,14.80,6709209.713,246544.333,25.354,26,10.553999999999998
Sa,15.00,6709209.713,246544.333,25.354,26,10.354
Sa,15.20,6709209.713,246544.333,25.354,26,10.154
Sa,15.40,6709209.713,246544.333,25.354,26,9.953999999999999
Sa,15.60,6709209.713,246544.333,25.354,26,9.754
Sa,15.80,6709209.713,246544.333,25.354,26,9.553999999999998
Sa,16.00,6709209.713,246544.333,25.354,26,9.354
Sa,16.20,6709209.713,246544.333,25.354,26,9.154
Sa,16.40,6709209.713,246544.333,25.354,26,8.954
Sa,16.60,6709209.713,246544.333,25.354,26,8.753999999999998
Sa,16.80,6709209.713,246544.333,25.354,26,8.553999999999998
Sa,17.00,6709209.713,246544.333,25.354,26,8.354
Sa,17.20,6709209.713,246544.333,25.354,26,8.154
Sa,17.40,6709209.713,246544.333,25.354,26,7.954000000000001
Sa,17.60,6709209.713,246544.333,25.354,26,7.753999999999998
Sa,17.80,6709209.713,246544.333,25.354,26,7.5539999999999985
Sa,18.00,6709209.713,246544.333,25.354,26,7.353999999999999
Sa,18.20,6709209.713,246544.333,25.354,26,7.154
Sa,18.40,6709209.713,246544.333,25.354,26,6.954000000000001
Sa,18.60,6709209.713,246544.333,25.354,26,6.753999999999998
Sa,18.80,6709209.713,246544.333,25.354,26,6.5539999999999985
Sa,19.00,6709209.713,246544.333,25.354,26,6.353999999999999
Sa,19.20,6709209.713,246544.333,25.354,26,6.154
Sa,19.40,6709209.713,246544.333,25.354,26,5.954000000000001
Sa,19.60,6709209.713,246544.333,25.354,26,5.753999999999998
Sa,19.80,6709209.713,246544.333,25.354,26,5.5539999999999985
Sa,20.00,6709209.713,246544.333,25.354,26,5.353999999999999
Sa,20.20,6709209.713,246544.333,25.354,26,5.154
Sa,000.60,6709261.835,247492.815,27.123,26,26.523
Sa,009.00,6709261.835,247492.815,27.123,26,18.123
Ki,014.21,6709261.835,247492.815,27.123,26,12.913
Sr,015.44,6709261.835,247492.815,27.123,26,11.683000000000002
Ki,015.68,6709261.835,247492.815,27.123,26,11.443000000000001
Mr,015.83,6709261.835,247492.815,27.123,26,11.293000000000001
Sa,000.20,6709380.204,246345.368,26.111,26,25.911
Sa,013.82,6709380.204,246345.368,26.111,26,12.291
Mr,014.00,6709380.204,246345.368,26.111,26,12.111
Sa,001.00,6709235.815,247515.104,28.367,27,27.367
Hk,001.60,6709235.815,247515.104,28.367,27,26.767
Srmr,001.80,6709235.815,247515.104,28.367,27,26.567
Ki,001.98,6709235.815,247515.104,28.367,27,26.387
Mr,002.54,6709235.815,247515.104,28.367,27,25.827
Sa,000.20,6709400.263,246404.624,26.274,27,26.074
Sa,013.96,6709400.263,246404.624,26.274,27,12.314
Mr,014.06,6709400.263,246404.624,26.274,27,12.214
Srmr,000.60,6709213.353,247527.764,30.229,28,29.628999999999998
Ki,000.73,6709213.353,247527.764,30.229,28,29.499
Mr,001.36,6709213.353,247527.764,30.229,28,28.869
Sa,000.20,6709394.88,246263.846,27.02,28,26.82
Hk,000.60,6709394.88,246263.846,27.02,28,26.419999999999998
Sa,000.80,6709394.88,246263.846,27.02,28,26.22
Mr,016.40,6709394.88,246263.846,27.02,28,10.620000000000001
Mr,018.33,6709394.88,246263.846,27.02,28,8.690000000000001
Sa,000.20,6709398.984,246194.755,27.607,29,27.407
Hk,016.00,6709398.984,246194.755,27.607,29,11.607
Mr,017.60,6709398.984,246194.755,27.607,29,10.006999999999998
Mr,018.51,6709398.984,246194.755,27.607,29,9.096999999999998
Sa,000.85,6709163.031,247553.41,30.131,30,29.281
Sa,001.45,6709163.031,247553.41,30.131,30,28.681
Hk,001.65,6709163.031,247553.41,30.131,30,28.481
Mr,002.05,6709163.031,247553.41,30.131,30,28.081
Ki,002.44,6709163.031,247553.41,30.131,30,27.691
Mr,003.42,6709163.031,247553.41,30.131,30,26.711
Sa,000.20,6709456.052,246173.69,27.925,30,27.725
Mr,009.00,6709456.052,246173.69,27.925,30,18.925
Mr,009.15,6709456.052,246173.69,27.925,30,18.775
Sa,000.60,6709137.28,247567.485,30.366,31,29.766
Hk,001.00,6709137.28,247567.485,30.366,31,29.366
Sr,001.20,6709137.28,247567.485,30.366,31,29.166
Ki,001.60,6709137.28,247567.485,30.366,31,28.766
Ki,001.64,6709137.28,247567.485,30.366,31,28.726
Sa,000.20,6709485.641,246131.183,28.698,31,28.498
Hk,006.60,6709485.641,246131.183,28.698,31,22.098
Sa,006.80,6709485.641,246131.183,28.698,31,21.898
Mr,009.00,6709485.641,246131.183,28.698,31,19.698
Mr,009.61,6709485.641,246131.183,28.698,31,19.088
Sa,000.40,6709129.762,247591.619,30.365,32,29.965
Hk,001.20,6709129.762,247591.619,30.365,32,29.165
Ki,002.00,6709129.762,247591.619,30.365,32,28.365
Mr,003.17,6709129.762,247591.619,30.365,32,27.195
Sa,000.20,6709502.68,246287.244,28.027,32,27.827
Hk,000.60,6709502.68,246287.244,28.027,32,27.427
Sa,001.00,6709502.68,246287.244,28.027,32,27.027
Mr,011.20,6709502.68,246287.244,28.027,32,16.827
Mr,011.72,6709502.68,246287.244,28.027,32,16.307000000000002
Sa,000.80,6709113.756,247660.286,29.32,33,28.52
Hk,006.60,6709113.756,247660.286,29.32,33,22.72
Ki,006.76,6709113.756,247660.286,29.32,33,22.560000000000002
Sa,000.40,6709446.977,246316.805,27.118,33,26.718
Mr,011.94,6709446.977,246316.805,27.118,33,15.177999999999999
Sa,000.80,6709154.11,247670.149,29.831,34,29.031
Mr,002.80,6709154.11,247670.149,29.831,34,27.031
Ki,002.87,6709154.11,247670.149,29.831,34,26.961
Mr,002.99,6709154.11,247670.149,29.831,34,26.841
Sa,000.20,6709569.964,246257.214,28.936,34,28.736
Sr,000.40,6709569.964,246257.214,28.936,34,28.536
Sa,001.00,6709569.964,246257.214,28.936,34,27.936
Hk,008.00,6709569.964,246257.214,28.936,34,20.936
Sa,008.60,6709569.964,246257.214,28.936,34,20.336
Mr,009.80,6709569.964,246257.214,28.936,34,19.136
Mr,010.33,6709569.964,246257.214,28.936,34,18.606
Sa,000.80,6709094.023,247714.574,29.218,35,28.418
Sa,006.60,6709094.023,247714.574,29.218,35,22.618000000000002
Hk,011.00,6709094.023,247714.574,29.218,35,18.218
Sr,011.80,6709094.023,247714.574,29.218,35,17.418
Ki,012.11,6709094.023,247714.574,29.218,35,17.108
Mr,013.31,6709094.023,247714.574,29.218,35,15.908
Sr,000.09,6709572.505,246182.836,28.658,35,28.568
Sa,000.73,6709572.505,246182.836,28.658,35,27.928
Mr,012.73,6709572.505,246182.836,28.658,35,15.928
Mr,013.02,6709572.505,246182.836,28.658,35,15.638000000000002
Sa,000.80,6709030.716,247720.671,29.239,36,28.439
Sa,007.60,6709030.716,247720.671,29.239,36,21.639000000000003
Hk,015.00,6709030.716,247720.671,29.239,36,14.239
Ki,015.03,6709030.716,247720.671,29.239,36,14.209000000000001
Sa,000.20,6709561.532,246064.574,29.784,36,29.584
Mr,016.40,6709561.532,246064.574,29.784,36,13.384
Mr,018.50,6709561.532,246064.574,29.784,36,11.283999999999999
Mr,018.94,6709561.532,246064.574,29.784,36,10.843999999999998
Sa,000.80,6708972.308,247742.391,29.251,37,28.451
Sa,006.00,6708972.308,247742.391,29.251,37,23.251
Ki,012.05,6708972.308,247742.391,29.251,37,17.201
Sa,000.80,6708912.041,247762.324,29.327,38,28.527
Hk,009.20,6708912.041,247762.324,29.327,38,20.127000000000002
Ki,009.21,6708912.041,247762.324,29.327,38,20.117
Sa,0.60,6708853.639,247759.155,29.809,39,29.209
Sa,1.40,6708853.639,247759.155,29.809,39,28.409000000000002
Ki,13.92,6708853.639,247759.155,29.809,39,15.889000000000001
Ki,16.06,6708853.639,247759.155,29.809,39,13.749000000000002
Ki,18.12,6708853.639,247759.155,29.809,39,11.689
Sa,0.80,6708832.266,247704.002,29.622,40,28.822
Ki,9.86,6708832.266,247704.002,29.622,40,19.762
Sa,0.80,6708793.141,247714.869,30.069,41,29.269
Ki,10.68,6708793.141,247714.869,30.069,41,19.389
Sa,0.80,6708824.56,247632.807,29.514,42,28.714
Ki,10.36,6708824.56,247632.807,29.514,42,19.154
Sa,0.60,6708865.166,247618.373,29.275,43,28.674999999999997
Sa,1.80,6708865.166,247618.373,29.275,43,27.474999999999998
Ki,5.46,6708865.166,247618.373,29.275,43,23.814999999999998
Sa,0.80,6708883.876,247602.092,29.182,44,28.381999999999998
Ki,4.22,6708883.876,247602.092,29.182,44,24.962
Sa,0.80,6708932.185,247608.004,29.627,45,28.826999999999998
Ki,1.48,6708932.185,247608.004,29.627,45,28.147
Ki,0.26,6708941.803,247611.761,29.82,46,29.56
Ki,0.56,6708941.803,247611.761,29.82,46,29.26
Ki,0.92,6708941.803,247611.761,29.82,46,28.9
Ki,0.28,6708958.977,247610.206,29.614,47,29.334
Sa,0.66,6708958.977,247610.206,29.614,47,28.954
Ki,0.94,6708958.977,247610.206,29.614,47,28.674
Sa,0.80,6708979.082,247610.584,29.456,48,28.656
Ki,4.36,6708979.082,247610.584,29.456,48,25.096
Sa,0.80,6709028.329,247596.434,29.345,49,28.544999999999998
Ki,5.24,6709028.329,247596.434,29.345,49,24.104999999999997
Sa,000.60,6709081.791,247601.41,29.531,50,28.930999999999997
Sr,002.80,6709081.791,247601.41,29.531,50,26.730999999999998
Ki,003.76,6709081.791,247601.41,29.531,50,25.771
Mr,003.94,6709081.791,247601.41,29.531,50,25.590999999999998
Sa,000.60,6709034.054,247512.749,29.629,51,29.029
Srmr,002.00,6709034.054,247512.749,29.629,51,27.629
Ki,002.12,6709034.054,247512.749,29.629,51,27.509
Sa,000.60,6709062.047,247495.29,30.236,52,29.636
Hk,001.20,6709062.047,247495.29,30.236,52,29.036
Ki,001.25,6709062.047,247495.29,30.236,52,28.986
Sa,000.60,6709090.151,247483.684,30.95,53,30.349999999999998
Mr,001.00,6709090.151,247483.684,30.95,53,29.95
Ki,001.12,6709090.151,247483.684,30.95,53,29.83
Mr,001.60,6709090.151,247483.684,30.95,53,29.349999999999998
Sa,0.40,6709086.746,247459.588,30.587,54,30.187
Ki,0.64,6709086.746,247459.588,30.587,54,29.947
Sa,0.40,6709080.052,247434.209,30.891,55,30.491
Ki,0.68,6709080.052,247434.209,30.891,55,30.211
Sa,0.40,6709059.6,247413.512,31.522,56,31.122
Ki,0.70,6709059.6,247413.512,31.522,56,30.822
Sa,0.40,6709036.925,247393.916,32.173,57,31.773000000000003
Ki,0.86,6709036.925,247393.916,32.173,57,31.313000000000002
Sa,0.40,6709055.26,247388.115,32.285,58,31.884999999999998
Ki,0.46,6709055.26,247388.115,32.285,58,31.824999999999996
Sa,0.40,6709060.871,247367.028,35.215,59,34.815000000000005
Ki,1.18,6709060.871,247367.028,35.215,59,34.035000000000004
Sa,0.40,6709086.965,247347.99,35.426,60,35.026
Ki,0.56,6709086.965,247347.99,35.426,60,34.866
Sa,0.40,6709102.122,247321.192,36.756,61,36.356
Ki,0.80,6709102.122,247321.192,36.756,61,35.956
Sa,0.40,6709124.757,247303.463,36.234,62,35.834
Ki,0.76,6709124.757,247303.463,36.234,62,35.474000000000004
Sa,0.40,6709154.807,247274.438,32.944,63,32.544000000000004
Ki,1.14,6709154.807,247274.438,32.944,63,31.804000000000002
Sa,0.60,6709175.715,247264.06,28.563,64,27.962999999999997
Ki,2.62,6709175.715,247264.06,28.563,64,25.942999999999998
Sa,001.20,6709205.223,247238.883,27.282,65,26.082
Ki,003.36,6709205.223,247238.883,27.282,65,23.922
Mr,003.50,6709205.223,247238.883,27.282,65,23.782
Sa,0.80,6709189.497,247302.984,27.237,66,26.436999999999998
Ki,4.68,6709189.497,247302.984,27.237,66,22.557
Sa,0.20,6709139.588,247328.086,36.226,67,36.025999999999996
Ki,0.34,6709139.588,247328.086,36.226,67,35.885999999999996
Sa,0.40,6709145.28,247360.969,33.211,68,32.811
Ki,1.12,6709145.28,247360.969,33.211,68,32.091
Sa,000.60,6709298.942,247350.707,26.298,69,25.697999999999997
Sa,007.20,6709298.942,247350.707,26.298,69,19.098
Hk,014.40,6709298.942,247350.707,26.298,69,11.897999999999998
Ki,014.45,6709298.942,247350.707,26.298,69,11.847999999999999
Sa,000.60,6709318.337,247431.703,26.758,70,26.157999999999998
Sa,001.00,6709318.337,247431.703,26.758,70,25.758
Sa,001.40,6709318.337,247431.703,26.758,70,25.358
Sa,010.00,6709318.337,247431.703,26.758,70,16.758
Sa,018.60,6709318.337,247431.703,26.758,70,8.157999999999998
Ki,019.94,6709318.337,247431.703,26.758,70,6.817999999999998
Sa,0.40,6709241.191,247365.027,26.714,71,26.314
Sa,15.20,6709241.191,247365.027,26.714,71,11.514
Ki,15.40,6709241.191,247365.027,26.714,71,11.313999999999998
Ki,0.52,6709196.393,247342.255,27.509,72,26.989
Sa,1.10,6709196.393,247342.255,27.509,72,26.409
Sa,4.10,6709196.393,247342.255,27.509,72,23.409
Sa,5.10,6709196.393,247342.255,27.509,72,22.409
Ki,7.02,6709196.393,247342.255,27.509,72,20.489
Sa,0.80,6709202.023,247378.674,27.188,73,26.387999999999998
Ki,9.92,6709202.023,247378.674,27.188,73,17.268
Sa,11.50,6709202.023,247378.674,27.188,73,15.687999999999999
Mr,001.43,6709161.253,247389.943,29.738,74,28.308
Sa,002.03,6709161.253,247389.943,29.738,74,27.708
Sr,004.43,6709161.253,247389.943,29.738,74,25.308
Ki,004.55,6709161.253,247389.943,29.738,74,25.188
Srmr,006.11,6709161.253,247389.943,29.738,74,23.628
Sa,000.80,6709177.435,247419.916,28.199,75,27.399
Hk,002.80,6709177.435,247419.916,28.199,75,25.399
Srmr,003.40,6709177.435,247419.916,28.199,75,24.799000000000003
Mr,003.60,6709177.435,247419.916,28.199,75,24.599
Ki,003.91,6709177.435,247419.916,28.199,75,24.289
Mr,003.91,6709177.435,247419.916,28.199,75,24.289
Ki,000.21,6709152.121,247468.98,31.614,76,31.404
Sa,000.40,6709181.941,247474.076,28.53,77,28.130000000000003
Sa,001.00,6709181.941,247474.076,28.53,77,27.53
Mr,001.20,6709181.941,247474.076,28.53,77,27.330000000000002
Ki,001.34,6709181.941,247474.076,28.53,77,27.19
Sa,001.60,6709182.748,247449.002,28.201,78,26.601
Hk,002.40,6709182.748,247449.002,28.201,78,25.801000000000002
Sr,002.60,6709182.748,247449.002,28.201,78,25.601
Ki,002.80,6709182.748,247449.002,28.201,78,25.401
Sa,001.00,6709210.768,247495.113,28.103,79,27.103
Ki,005.17,6709210.768,247495.113,28.103,79,22.933
Sa,000.80,6709227.207,247438.106,26.931,80,26.131
Sa,005.40,6709227.207,247438.106,26.931,80,21.531
Hk,011.20,6709227.207,247438.106,26.931,80,15.731000000000002
Ki,011.40,6709227.207,247438.106,26.931,80,15.531
Sa,0.00,6709460.888,247887.415,31.553,81,31.553
Hk,000.40,6709460.888,247887.415,31.553,81,31.153000000000002
Sa,000.60,6709460.888,247887.415,31.553,81,30.953
Sa,1.00,6709460.888,247887.415,31.553,81,30.553
Sa,2.00,6709460.888,247887.415,31.553,81,29.553
Sa,3.00,6709460.888,247887.415,31.553,81,28.553
Mr,004.00,6709460.888,247887.415,31.553,81,27.553
Ki,004.20,6709460.888,247887.415,31.553,81,27.353
Ki,004.38,6709460.888,247887.415,31.553,81,27.173000000000002
Mr,005.30,6709460.888,247887.415,31.553,81,26.253
Sa,0.00,6709106.452,247689.314,29.253,82,29.253
Sa,000.80,6709106.452,247689.314,29.253,82,28.453
Sa,1.00,6709106.452,247689.314,29.253,82,28.253
Sa,2.00,6709106.452,247689.314,29.253,82,27.253
Sa,3.00,6709106.452,247689.314,29.253,82,26.253
Sa,004.80,6709106.452,247689.314,29.253,82,24.453
Ki,009.51,6709106.452,247689.314,29.253,82,19.743000000000002
Mr,009.67,6709106.452,247689.314,29.253,82,19.583
Sa,0.00,6708937.957,247757.31,29.249,83,29.249
Sa,000.80,6708937.957,247757.31,29.249,83,28.448999999999998
Sa,1.00,6708937.957,247757.31,29.249,83,28.249
Sa,2.00,6708937.957,247757.31,29.249,83,27.249
Sa,3.00,6708937.957,247757.31,29.249,83,26.249
Hk,011.60,6708937.957,247757.31,29.249,83,17.649
Srmr,012.00,6708937.957,247757.31,29.249,83,17.249
Mr,012.80,6708937.957,247757.31,29.249,83,16.448999999999998
Ki,013.05,6708937.957,247757.31,29.249,83,16.198999999999998
Sa,0.5,6708864.376,247614.8,29.291,84,28.791
Sa,0.80,6708864.376,247614.8,29.291,84,28.491
Sa,1.00,6708864.376,247614.8,29.291,84,28.291
Sa,2.00,6708864.376,247614.8,29.291,84,27.291
Sa,3.00,6708864.376,247614.8,29.291,84,26.291
Ki,5.46,6708864.376,247614.8,29.291,84,23.831
Sa,0.00,6709270.133,247481.095,26.785,85,26.785
Sa,000.80,6709270.133,247481.095,26.785,85,25.985
Sa,1.00,6709270.133,247481.095,26.785,85,25.785
Sa,2.00,6709270.133,247481.095,26.785,85,24.785
Sa,3.00,6709270.133,247481.095,26.785,85,23.785
Sa,008.40,6709270.133,247481.095,26.785,85,18.384999999999998
Mr,017.00,6709270.133,247481.095,26.785,85,9.785
Ki,017.24,6709270.133,247481.095,26.785,85,9.545000000000002
